developer,total_games,avg_price_usd,avg_positive_review_percentage,total_reviews
EroticGamesClub,231,1.76,,0
Choice of Games,179,4.42,72.98,9616
Boogygames Studios,157,0.57,65.94,1340
Laush Dmitriy Sergeevich,150,0.9,75.6,5900
Creobit,139,7.97,59.02,4891
Bully Revenge Studios,135,1.18,,0
Gamesforgames,123,3.71,65.35,2954
Hosted Games,118,4.54,72.65,6086
Cyber Keks,117,0.51,48.89,45
KOEI TECMO GAMES CO.,114,25.63,74.96,321441
Sokpop Collective,110,1.96,70.05,7451
Tero Lunkka,106,0.63,64.93,3963
Archor Wright,99,0.69,61.81,1231
Do Games Limited,99,6.42,56.5,688
Square Enix,96,15.58,77.92,686532
Hede,96,187.65,34.39,1492
Blender Games,93,0.96,68.58,5241
King Kong,93,0.81,40.0,6
Elephant Games,89,4.88,79.95,2193
Follow the fun,84,1.58,97.14,6211
Dnovel,84,3.08,74.8,2402
Cute Hannah's Games,82,0.89,54.26,160
EpiXR Games UG,77,5.04,87.48,1792
Blessing Company,76,1.28,59.3,1504
IR Studio,73,0.49,66.59,578
SAT-BOX,72,4.54,70.28,436
CyberStep,71,11.03,43.21,2760
RewindApp,70,0.73,63.49,32783
Somer Games,70,7.63,61.08,1222
magnussoft,63,8.12,58.65,123
Anamik Majumdar,63,0.82,43.69,499
Miel,63,6.96,,0
Ripknot Systems,62,1.34,51.12,5430
NaipSoft,61,0.52,100.0,12
G-MODE,61,6.55,90.27,1659
LTZinc,61,0.68,65.92,1231
Kairosoft Co.,60,5.13,86.32,10169
AMAX Interactive,60,4.38,84.19,475
Dharker Studios,60,4.34,65.43,4005
Individual Software,58,11.93,57.21,177
Eipix Entertainment,55,4.9,85.79,790
William at Oxford,55,2.09,44.62,651
Nikita Ghost_RUS,54,0.51,52.73,5622
EGC Games,54,0.93,48.16,148
owlyboi,54,0.66,,0
Piece Of Voxel,53,0.93,58.38,889
Winged Cloud,52,3.08,85.21,39346
Hard Shark Games,52,2.91,41.48,169
GentleDriver,51,0.59,,0
Lovely Games,50,3.04,77.49,18365
Snkl Studio,50,0.47,74.07,2860
Kotovodk Studio,48,0.49,83.33,48
橙光游戏,48,5.82,79.26,3244
NanningsGames,48,0.82,77.9,3492
Stegalosaurus Game Development,48,5.56,72.65,251
hgmGame,47,15.52,92.86,8
ebi-hime,47,5.28,90.59,5934
LGT SIA,46,6.95,92.65,132
PUZZLE Games,46,190.1,65.04,101
Hentai works,46,0.63,,0
Nihon Falcom,45,20.89,90.18,67351
Casual Arts,45,7.16,86.17,126
Exe Create Inc.,45,9.08,73.27,600
Yusuf Islam Seyhan,45,0.5,46.51,1231
UwU,45,1.62,,0
Alawar Casual,44,2.12,90.23,2609
MAGES. Inc.,44,12.31,84.77,46717
Octo Games,44,2.2,,0
CAPCOM Co.,43,12.27,85.12,2056623
STuNT,43,0.55,61.71,964
Milestone S.r.l.,41,4.2,76.93,65314
Quantum Quiver Games,41,0.95,,0
Winter Wolves,40,5.7,71.7,2894
Hell Bomb Studio,40,1.08,,0
EnsenaSoft,39,2.91,49.04,4080
Hentai Panda,39,2.13,,0
Zoo Corporation,38,2.8,76.82,6037
Top-Down Games,38,199.99,65.75,163
Cute Pen Games,38,1.29,59.6,20
Wolverine Studios,38,5.62,57.57,662
100 Cozy Games,37,0.79,97.06,34
Anatoliy Loginovskikh,37,0.95,84.29,14913
Arc System Works,37,6.14,71.9,188566
HexWar Games,37,10.75,62.46,1094
MAGIX Software GmbH,37,18.88,58.93,4283
QuickBobber,37,1.29,58.82,24
Seven Sails Games,37,2.23,56.59,105
Valve,36,1.47,88.21,15688937
FIVE-BN GAMES,36,6.6,87.9,15540
Humongous Entertainment,36,3.4,84.35,7966
Idea Factory,36,9.18,79.94,36999
Error 300,35,3.0,91.86,609
Qumaron,35,2.36,81.06,1555
Domini Games,35,5.22,78.9,398
Slippy Floor,35,0.7,63.6,291
Racing Bros,35,0.49,49.29,9924
beans rolls,35,0.59,43.39,322
Frontwing,34,10.43,92.0,30992
HeR Interactive,34,9.82,82.91,7993
Nippon Ichi Software,34,14.76,81.68,20048
LGV,34,0.49,80.61,209
Enoops,34,3.26,63.89,1024
Warfare Studios,34,0.95,60.67,3034
Tiny Little Lion,33,5.75,93.7,179
Friendly Fox,33,5.35,82.67,265
Ubisoft Montreal,33,3.55,78.75,3803167
KuKo,33,0.49,77.55,4343
CggtGroup,33,0.84,75.35,216
Elephant Ar,33,6.16,72.17,174
Cyanide Studio,33,15.01,65.71,49378
Phoenixxx Games,33,1.59,49.87,483
8floor,33,7.87,42.34,161
Yash Future Tech Solutions Pvt Ltd,33,9.23,35.2,410
Kink Master Studios,32,3.55,88.18,110
Grandma Studios,32,6.27,81.06,180
Hunny Bunny Studio,32,0.55,78.37,2495
Quiet River,31,0.65,90.13,71599
Jetdogs Studios,31,2.89,86.51,16119
Games Incubator,31,3.2,72.99,13700
MicroProse Software,31,3.52,71.92,9274
Ammonite Design Studios Ltd,31,0.82,59.69,157
TigerQiuQiu,31,0.14,49.24,177
Boom Team,31,1.03,39.98,760
TheBigO Games,31,3.82,,0
Noxurtica,30,5.41,100.0,3
LuuuLuuuL,30,1.14,86.58,1184
Kedexa,30,5.99,42.34,298
Randumb Studios,29,1.57,93.19,32565
Gotcha Gotcha Games,29,7.97,84.07,18874
Minimol Games,29,1.16,78.6,2545
HugePixel,29,1.71,77.35,832
Cateia Games,29,4.45,77.33,1164
MumboJumbo,29,3.27,73.12,4514
Super PowerUp Games,29,3.01,71.25,68
Volens Nolens Games,29,0.56,66.21,6100
CSM,29,0.65,64.54,1452
Neki4 Electronics,29,2.64,51.89,357
Falco Software,29,1.1,46.59,637
United Independent Entertainment,29,1.48,28.29,3150
Y Press Games,28,8.31,92.05,121
Galactic Geckon,28,1.63,90.37,819
MACKINN7,28,2.81,84.05,365
Jackbox Games,28,7.8,80.59,36124
Suricate Software,27,4.11,87.91,1034
INTI CREATES CO.,27,9.16,84.95,22049
Vidas Salavejus,27,2.94,80.96,1017
QZQ Studio,27,2.03,75.75,808
Tonguç Bodur,27,2.24,73.74,5397
Chilla's Art,27,3.88,73.48,19691
SeedWall,27,0.81,67.46,6000
Quarlellle,27,0.86,63.8,1402
artoonu,26,2.57,100.0,5
DigiMight,26,1.82,86.72,182
CITY CONNECTION,26,10.02,83.59,972
WayForward,26,14.15,81.83,28319
KONAMI,26,20.43,73.91,282638
GameOn Production,26,7.81,68.21,519
My Label Game Studio,26,9.99,61.49,332
Taranau Aliaksei,26,3.49,58.33,13
Bonittor Games,26,0.54,55.43,356
Reddiamondgames,26,0.51,,0
Schwan OG,25,0.51,88.89,22
Objectif 3D,25,0.0,82.95,340
SNK CORPORATION,25,15.01,81.16,44576
LoadUpGames.com,25,1.27,65.42,47
Tegridy Made Games,25,0.44,61.55,689
Valkyria Games,25,1.96,59.3,259
FlagmanJeremy,25,0.85,56.72,662
PaulArt,25,0.52,52.43,401
INFINITE BRIDGE,25,0.55,49.72,265
Michael Richard Lannon,25,3.64,33.68,49
Loolust,25,1.76,,0
PopCap Games,24,1.87,92.59,184343
Mens Sana Interactive,24,1.45,88.92,2616
Crew Lab,24,0.68,88.14,6197
SMU Guildhall,24,0.0,86.32,2187
Relic Entertainment,24,5.78,84.04,283807
DillyFrame,24,0.77,82.25,375
Firaxis Games,24,7.08,81.81,997299
SOFTSTAR ENTERTAINMENT,24,5.81,81.23,18831
Daedalic Entertainment,24,2.43,80.18,69980
Heart's Choice,24,4.21,78.64,270
Crisp App Studio,24,4.98,78.6,1686
Appetite,24,6.7,77.25,106
Graphium Studio,24,6.45,72.54,268
ZERO5GAMES,24,1.45,70.62,1243
ERMedia,24,3.74,47.22,118
Lieon Games,24,0.77,45.0,20
8floor ltd,24,11.24,,0
lightUP,23,2.42,91.72,347
SEEP,23,1.53,88.1,978
L. Stotch,23,1.75,85.44,15745
id Software,23,5.96,84.3,635276
LucasArts,23,5.08,82.37,54882
Rebellion,23,7.1,81.98,203506
Mad Head Games,23,5.75,78.85,6888
Aldorlea Games,23,1.78,74.78,2371
DigiPen Europe-Bilbao,23,0.0,74.13,830
e-FunSoft Games,23,4.46,73.17,365
Meng Games,23,1.25,68.77,1639
Rawi Studio,23,191.34,68.7,85
CyberLink,23,27.29,66.25,227
Big Ant Studios,23,28.73,65.03,13070
Kiddy,23,1.5,63.2,9581
Sonic-Alpha,23,0.66,59.04,247
VIS-Games,23,5.65,55.52,4089
baKno Games,23,22.16,48.63,293
Very Very LITTLE Studio,22,1.07,95.87,2888
Walter Machado,22,0.47,88.39,6029
Sacada,22,4.7,87.67,796
Spike Chunsoft Co.,22,12.51,83.81,186041
Ubisoft,22,3.9,74.2,279549
Dovetail Games,22,14.54,74.0,116810
Eidos-Montréal,22,4.18,73.91,458432
Valkeala Software,22,0.74,73.24,373
BanzaiProject,22,3.3,70.86,556
Artur Rezende,22,0.51,70.69,512
Melon Games,22,5.81,55.53,73
冷笑黑妖,21,0.47,91.18,4377
SQRT3,21,13.26,89.91,316
Boomzap Inc,21,5.61,87.33,527
Strategy Game Studio,21,13.56,83.66,816
Ocean Software,21,3.18,76.8,242
Enaayah Software Development and Services Private Limited,21,0.9,73.69,437
EGAMER,21,1.24,70.91,11056
Balti Calarasi,21,0.51,63.14,1305
Entropy Digital Entertainment,21,9.56,,0
Spiderweb Software,20,6.48,88.25,4784
CHARON,20,9.27,86.43,783
SCS Software,20,3.89,85.28,1056411
Astronomic Games,20,0.95,78.7,1721
Brave Giant LTD,20,3.29,75.48,4823
Paul Connor,20,1.92,74.79,148
AFBIK Studio,20,0.47,74.63,1876
Ironcode Gaming,20,4.89,74.37,188
USERJOY Technology Co.,20,3.98,74.33,23296
FreezeNova,20,1.13,69.95,6517
ACQUIRE Corp.,20,9.15,69.62,9022
Brewsterland Studios,20,0.75,66.2,190
XSGames,20,2.9,54.0,84
Black Hole,20,1.84,,0
CodeRenderX,20,7.77,,0
Teamey,19,0.0,94.49,2340
Adamvision Studios,19,1.38,90.63,13359
Ryu Ga Gotoku Studio,19,11.65,90.23,237147
Green Sauce Games,19,2.62,88.56,856
Epyx,19,5.78,83.01,594
Double Fine Productions,19,4.89,82.59,93593
CREATIVE ASSEMBLY,19,8.02,81.6,750464
Dr. Cyril Splutterworth,19,1.29,79.23,403
Pixel Puzzles,19,0.34,78.6,9311
Orangepixel,19,3.03,72.2,568
Catnip studio,19,1.29,71.53,31
Tamashii,19,2.04,70.07,113
FreeMind S.A.,19,4.41,69.49,5451
Gogii Games,19,1.22,66.66,2885
Rokito Games,19,0.49,63.24,134
Stas Paty9mkin,19,0.97,60.23,353
Romantic Room,19,2.15,55.93,895
Totem Games,19,2.22,53.97,421
wow wow Games,19,3.68,49.22,183
VikTor,19,0.55,37.01,866
430Games,19,1.54,,0
Pirates Of The Digital Sea,19,1.64,,0
Sexy Baguette Studio,19,1.75,,0
上海アリス幻樂団,18,13.88,94.98,14333
UNICO INC.,18,16.74,93.33,171
GZ Storm,18,0.69,89.68,1142
Sigyaad Team,18,1.35,88.61,6794
Gremlin Graphics,18,3.93,87.9,33
Vaka Game Magazine,18,5.24,87.3,7596
Bitwave Games,18,3.8,86.13,797
Cotton Game,18,3.24,85.43,4092
Obsidian Entertainment,18,13.07,82.46,525910
Marvelous Inc.,18,18.12,81.17,30650
Digital Eclipse,18,15.35,80.69,7294
Paradox Development Studio,18,6.06,78.77,971491
KIMIDORI SOFT,18,2.33,76.86,1688
616 GAMES,18,2.44,76.73,2116
Gearbox Software,18,9.37,76.72,615500
Peaksel,18,2.17,74.77,1690
Wales Interactive,18,3.89,72.88,19187
Norn,18,5.5,68.43,408
Euphoric Brothers,18,2.16,67.07,28756
GiBar,18,0.81,66.27,377
Forever Entertainment S. A.,18,2.27,63.76,9149
Louie Inc,18,3.82,61.11,391
Anima Games,18,2.79,60.61,47
Succubella Games,18,1.84,38.37,171
cBlck,18,0.87,37.06,162
Lesson of Passion,18,3.69,,0
SmoGames Studio,18,0.99,,0
htaidisgust,18,0.63,,0
Andy Jurko,17,2.09,95.83,145
Minicactus Games,17,1.06,91.3,1087
MixoGames Ltd.,17,5.87,91.0,87
Renegade Sector Games,17,2.93,88.46,474
Dire Wolf,17,8.0,87.81,20017
Haemimont Games,17,8.87,84.48,89818
10tons Ltd,17,4.21,83.39,10354
Digital Melody,17,2.28,83.34,16965
Artifex Mundi,17,3.32,82.36,15680
Wholetone Games,17,2.72,79.83,2236
DSGame,17,2.11,77.8,40360
Soomka Games,17,2.67,76.39,20
FreeAnimals_Software,17,1.94,76.19,450
GrandMa Studios,17,7.49,75.0,4
Frogwares,17,2.31,73.79,40235
SEGA,17,7.46,73.62,123131
SVGames,17,3.51,73.33,665
T-Time Technology CO.,17,4.21,72.22,1932
Max Pedro,17,4.85,71.2,289
Easy game,17,0.49,71.17,5871
Team Syukino,17,1.93,70.47,343
Bohemia Interactive,17,5.06,69.01,794355
David Mulder,17,0.36,66.85,1210
Seito Games,17,0.98,66.78,344
Vitok,17,5.99,61.28,199
LillyWelland inc.,17,0.53,57.71,848
Kadragon,17,3.4,54.34,706
Doky,17,5.76,43.71,55
YAO,17,5.99,37.5,6
Pix Arts,17,3.34,30.21,63
PinkySoul,17,1.99,,0
Dirty Fox Games,16,1.66,97.56,164
Yaeko,16,3.27,96.28,598
Whirlpool,16,5.49,94.5,2739
Nukearts Studio,16,2.39,94.38,2579
Zachtronics,16,5.93,91.39,30745
Magic Cat,16,2.41,89.24,116
Byking RooKIES,16,0.0,88.36,68
Sons of Welder,16,0.99,88.29,208
ATLUS,16,17.3,87.05,310912
YAW Studios,16,1.12,86.78,1140
DreamBig Games,16,6.93,86.37,24
qureate,16,9.13,79.36,2950
SC Jogos,16,0.49,78.59,15048
Black Banshee Studios,16,1.37,77.89,110
HUNTERS,16,1.79,77.41,66
GSC Game World,16,9.71,73.1,243657
CUTE ANIME GIRLS,16,0.82,72.83,7686
Ivanovich Games,16,6.59,72.66,1439
Petr Šimůnek,16,0.37,69.39,1332
Sinned Games,16,1.06,67.19,2866
Cow Games,16,0.71,64.95,336
MoonlightGames,16,3.56,62.2,179
James H. Van der Meulen,16,6.43,57.78,13
Momentum Games,16,2.9,55.56,9
XiNFiNiTY Games,16,1.3,55.11,500
SimProse Studios,16,0.96,52.46,1064
Games For Pleasure,16,7.12,51.2,240
2024-NGame,16,3.24,48.26,61
Lust Zone Studio,16,3.81,,0
Wolfs Moon Studios,15,3.88,94.82,392
PUNKCAKE Delicieux,15,4.06,92.58,6753
cnsgames,15,0.52,89.76,40
TALESSHOP Co.,15,11.82,89.23,8639
Sports Interactive,15,5.93,89.08,136011
Rising Moon Games,15,0.6,88.91,1204
Nightdive Studios,15,10.69,88.62,29069
Rocky Studio,15,0.97,88.14,84
Pilgrim Adventures,15,0.56,87.82,7415
Telltale,15,4.93,87.5,66773
Alawar,15,5.22,87.14,22645
Mega Cat Studios,15,5.7,84.69,13333
Telltale Games,15,1.53,83.8,209053
ZaxtorGameS,15,4.87,82.06,191
Phr00t's Software,15,2.5,81.93,2215
Beam Software,15,2.89,81.13,494
Mikołaj Spychał,15,1.05,80.37,567
Tin Man Games,15,1.48,80.1,2230
Frontier Developments,15,10.99,79.95,374665
IDEA FACTORY,15,11.37,79.0,20848
Lazy Turtle Games,15,5.09,78.39,303
Vantan Game Academy,15,0.0,77.41,132
Infinity Ward,15,18.67,76.97,312345
Afil Games,15,2.46,75.94,364
KoheiGallery,15,8.42,75.12,69
Tuomo Laine,15,1.94,74.76,513
Team17 Digital Ltd,15,2.7,72.72,39281
Stardock Entertainment,15,5.98,70.7,26767
Dieselmine,15,9.71,69.94,1719
9Ratones,15,2.37,69.44,34
HFM Games,15,0.89,69.1,63106
Sapphire Dragon Productions,15,2.9,68.39,1449
3DClouds,15,9.66,68.01,2343
PhoenixFire Games,15,0.49,66.52,280
Infogrames,15,2.26,64.73,1917
b-alive gmbh,15,3.53,64.37,1704
XDEVS LTD,15,0.0,63.47,5879
Microids,15,1.67,62.92,18001
Alcachofa Soft,15,2.09,61.47,132
Alternative Software Ltd,15,9.74,60.4,730
EA Canada,15,26.13,60.18,392072
A Nostru,15,0.54,58.88,1309
Zombie Developer,15,1.26,51.09,85
Webfoot,15,5.6,45.27,173
azimuth team,15,0.69,42.53,1305
MCGame,15,2.36,34.86,280
Queen's Court,15,1.31,,0
Uzura Studio,15,3.74,,0
LN,14,0.92,100.0,2
07th Expansion,14,8.02,95.68,15876
ChaniMK,14,2.17,95.56,241
Brøderbund,14,4.67,91.88,33
Croteam,14,4.59,91.82,123958
IP Izmailov Vladimir Yurievich,14,5.44,91.42,162
Alright Peaches Studio,14,1.06,90.91,11
727 Not Hound,14,4.23,90.5,504
Game Mixer,14,2.18,89.7,179
Traveller's Tales,14,4.85,89.11,140034
Chequered Ink Ltd.,14,0.78,86.58,355
MyDreamForever,14,1.76,86.58,971
Mindware,14,4.62,84.67,255
Big Fish Games,14,3.81,84.62,1006
Schell Games,14,5.89,83.88,12602
eSolutions,14,5.13,82.36,81
Dinosaur workshop,14,3.99,82.1,40
RedDeer.Games,14,10.92,81.97,234
Revmatek,14,1.22,81.46,2869
Bethesda Game Studios,14,12.22,81.34,1630031
Jordan Freeman Group,14,5.15,80.84,95
EntwicklerX,14,2.39,80.72,205
Korion Interactive,14,5.19,79.47,320
Eastasiasoft Limited,14,2.64,78.31,79
Gremlin Interactive,14,5.08,76.42,1976
Kevin Wacknov,14,0.0,75.58,48
Zloy Krot Studio,14,0.5,75.4,1564
Fulqrum Publishing,14,0.99,74.1,11988
Blaze Epic,14,0.56,71.47,613
Whale Rock Games,14,3.2,71.23,4342
DIGIDICED,14,4.13,70.46,1775
Elephant AR,14,7.7,66.51,25
Eko Software,14,9.45,64.34,38175
Playstige Interactive,14,1.56,62.06,925
okyakusama,14,1.6,61.11,865
VS Resolution,14,0.64,58.71,535
Aztech,14,199.99,56.85,301
Mihai Morosanu,14,0.58,56.45,3503
Eversim,14,24.51,51.13,7242
indiegames3000,14,0.75,48.34,230
Sabrina Aridi,14,0.95,45.28,1009
Fantasy Games,14,4.95,,0
HFTGames,14,8.79,,0
Lust Desires 🖤,14,3.88,,0
Play and Cum 💦,14,4.43,,0
R. Benny,14,6.99,,0
SinVR,14,10.06,,0
TRYSET Break,14,29.63,,0
Kodansha,13,10.63,94.67,523
Anime Mania,13,1.29,92.59,27
Dynamic Games,13,0.61,91.87,799
AviGames,13,2.57,89.2,95
Strategic Simulations,13,3.36,89.01,371
Nibb Games,13,1.24,88.55,525
유진게임즈,13,2.99,87.38,324
16air,13,1.24,86.22,86
Vutune,13,1.09,84.66,103
Sunward Games,13,3.62,84.42,3154
NovaLogic,13,8.64,81.96,3437
Capcom,13,4.84,80.56,282919
QUByte Interactive,13,9.63,80.37,1272
Mature Games,13,0.58,79.46,3700
BioWare,13,6.09,79.38,220932
russpuppy,13,1.03,79.33,1338
Frozenbyte,13,5.73,78.88,95334
Crystal Game Works,13,3.42,77.89,631
GVR Training Computer Software,13,107.69,77.6,70
Orcsoft,13,12.16,77.38,511
Daily Magic Productions,13,4.07,76.78,186
Tim Rachor,13,0.9,76.56,166
Inu to Neko,13,4.2,76.06,622
Saber Interactive,13,9.49,75.23,265286
FURYU Corporation,13,27.66,74.87,3637
Airem,13,0.79,74.7,1015
AK Studio,13,4.35,73.56,849
IKIGames,13,6.35,73.31,52
Gamesforfarm,13,1.62,72.76,425
Targem Games,13,2.53,72.71,72066
Bossa Studios,13,4.58,72.16,37891
ARTDINK,13,17.51,71.89,6437
3dm_live_wallpapers,13,2.68,71.1,2112
GoldenGod Games,13,1.05,69.93,635
NeocoreGames,13,3.68,69.81,52553
Azurezero,13,4.17,69.47,29
Guilty Pleasure Games,13,0.54,68.39,2521
Artefacts Studio,13,5.07,66.57,51278
Black Phoenix Studio,13,3.28,65.91,73
echomune,13,1.69,65.84,74
AA Mini Games Studio,13,0.99,65.28,27
LunarCore Games,13,0.76,65.18,311
Gunnar Games,13,5.38,64.08,756
Amaterasu Software,13,0.62,62.81,3933
Sub Orbital Software,13,0.45,61.99,164
Anarchy Enterprises,13,2.21,61.29,1641
Shaman Games Studio,13,3.16,59.76,1428
Yamate,13,2.84,52.91,148
Boom Games,13,0.84,50.01,1192
Fury Games Production,13,3.22,44.53,165
Esemte Games,13,73.07,0.0,1
Cicada_Dancing,13,2.3,,0
ZangGames,13,2.45,,0
INOA GAMES,12,2.69,98.33,79
Waffle,12,19.51,97.41,98
Travellin Cats,12,0.78,97.33,5300
Kiepska Spółka,12,1.1,96.12,237
AVI Games,12,3.04,95.7,103
WINGLAY,12,3.06,95.56,29
Imagine,12,3.16,93.75,17
GirlGames,12,1.57,93.08,18742
ArchaeologyGames,12,199.99,91.48,46
grin robot,12,0.76,90.78,155
KOGADO STUDIO,12,19.7,90.37,2824
Accolade,12,2.27,90.17,583
The Revills Games,12,1.69,90.04,392
Klei Entertainment,12,5.25,89.95,786399
CCS,12,2.28,89.45,272
Hidden Cats,12,0.59,89.38,196
Team Emily,12,5.11,88.24,17
aNCHOR Inc.,12,14.74,87.92,6669
ASTRO PORT,12,2.89,87.34,1633
Strange Scaffold,12,9.04,86.56,8327
Notus Games Ltd,12,4.37,85.85,218
Chris Antoni,12,1.57,85.54,464
Hentai Room,12,4.79,83.33,6
Boomzap Entertainment,12,4.74,83.25,212
Resolution Games,12,9.58,82.87,3319
Sprovieri Games,12,1.24,82.73,367
Nacks Soft,12,0.79,82.67,73
Siberian Mouse,12,0.49,82.44,1527
FobTi interactive,12,2.27,82.11,646
Studio Six,12,2.49,81.98,156
Panda Indie Studio,12,2.83,81.33,1049
GCN,12,1.24,80.93,245
ROSEVERTE,12,5.54,80.84,571
Techland,12,6.96,80.15,741218
Studio Inward,12,2.32,79.96,282
Fasu Studio,12,2.95,79.64,245
JOZGamer,12,0.45,79.01,696
Serenity Forge,12,2.7,78.67,5264
Might and Delight,12,4.54,78.58,20761
Zeiva Inc,12,7.61,78.25,1852
Nival,12,4.16,77.43,21990
Treyarch,12,21.47,76.1,1274119
inXile Entertainment,12,5.88,75.69,39754
Sigma Team Inc.,12,1.87,74.53,14002
Performance Artist,12,0.95,72.32,898
Triority Interactive Novels,12,1.17,71.92,167
Urchin Games,12,4.7,70.68,449
SaintHeiser,12,0.0,69.56,502
Arcen Games,12,3.78,68.79,7318
HandyGames,12,2.11,67.69,2853
Dead Drop Studios LLC,12,5.42,66.74,761
Tbjbu2,12,4.05,65.75,434
Little Black Book Entertainment,12,3.66,65.65,97
VALOFE,12,0.0,65.04,130499
MATRE,12,1.75,61.9,20
M9 Games,12,1.89,61.39,248
pengjianNiu,12,1.64,61.28,25
SP GAMES,12,0.96,61.27,183
OnSkull Games,12,1.76,61.19,4972
TML-Studios,12,7.33,61.17,23547
City Interactive S.A.,12,0.99,60.5,1707
upjers,12,1.0,59.42,3325
Chun Y.,12,1.16,57.62,193
QuickSave,12,0.66,57.44,594
BRAVEGIANT LTD,12,5.23,54.78,54
Jujubee S.A.,12,9.72,51.04,3100
ALPHY,12,0.58,50.0,2
ima shouganai,12,1.99,48.0,31
CasGames,12,1.24,47.86,478
RSK Entertainment,12,2.52,35.66,242
GamesBraz,12,0.49,29.45,83
HEG Games,12,9.99,27.98,69
DreamlessHero,12,0.57,26.67,16
CritoGames,12,2.49,,0
Jhinbrush,12,1.72,,0
NSFW18 Games,12,2.24,,0
Utsukushii Games,12,0.57,,0
Green Goose Corporation,11,0.61,100.0,1
MagicHouse,11,6.46,100.0,2
NecroCatic Games,11,2.1,100.0,49
Red Sasori,11,2.06,100.0,1
Devcats,11,1.87,98.73,13574
Blam! Games,11,4.99,98.57,48
Puzzles by Joe,11,4.63,95.69,105
VisualArts/Key,11,11.26,95.07,23248
&y,11,0.45,93.57,39
Colossus Game Studio,11,0.83,93.24,179
Blue Tea Games,11,4.99,93.18,507
AMG GAMES,11,3.54,91.25,345
Gagonfe,11,2.06,91.12,2005
Studio Goya,11,4.35,90.76,1470
MDickie,11,4.92,90.09,4722
LH Games Limited,11,1.26,90.0,14
EleFun Games,11,4.99,89.83,95
Daniele Doesn't Matter,11,5.39,89.49,511
Bad Kid Games,11,4.99,89.24,118
David Szymanski,11,2.99,89.22,43980
Konstructors,11,0.76,88.6,9947
VOODOO,11,1.58,88.18,440
Ninja Kiwi,11,0.74,86.85,419834
Ludosity,11,5.9,86.75,15473
Flat Cat Games,11,1.63,86.07,1399
Steppe Hare Studio,11,3.4,85.73,6299
Musa GUNGOR,11,1.79,84.99,389
Alawar Entertainment,11,2.04,84.85,2880
bankbank,11,3.68,84.29,88
Crytek,11,6.17,84.01,326709
GameHouse,11,15.21,82.51,1062
Acerola,11,9.68,82.24,5872
Bigosaur,11,4.24,82.24,2226
Lonely Troops,11,1.39,81.99,11369
Yai Gameworks,11,1.68,80.8,1764
Crystal Dynamics,11,2.02,80.7,414332
Cornutopia Software,11,6.59,80.45,65
Petite Games,11,1.36,80.34,267
Home Net Games,11,2.72,79.76,11121
Dotemu,11,5.96,79.25,49486
Endless Loop Studios,11,1.9,78.76,7294
New Bridge Games,11,3.87,78.51,418
Workroom7,11,8.1,78.41,560
Vertigo Games,11,8.53,78.38,19164
NukGames,11,0.45,78.28,12784
DICE,11,26.63,78.27,961199
Nikita Morti,11,4.44,77.84,168
Studio Saizensen,11,5.78,77.43,1552
Frosted Wings Studio,11,2.17,76.04,297
Firefly Studios,11,3.95,75.54,77520
Petroglyph,11,8.79,75.44,86906
Turquoise Revival Games,11,0.88,74.54,4628
Zen Studios,11,3.81,74.3,9069
Beshbarmak games,11,4.76,74.06,733
bhungry,11,1.57,73.95,2163
Crazysoft Limited,11,8.94,73.84,138
BUG-Studio,11,1.88,73.39,345
ProjectorGames,11,9.26,72.45,5313
GTGD,11,5.34,72.43,826
VD Games,11,3.99,72.34,3079
Hit-Point Co.,11,9.85,72.06,134
Satur Entertainment,11,4.49,71.75,2216
Axis Games,11,9.99,71.72,1745
Mykhail Konokh,11,2.53,71.09,620
Fabio Ferrara,11,0.66,70.26,15347
KT Racing,11,4.63,70.16,37956
CFK Co.,11,5.26,68.78,3572
Blue Sunset Games,11,1.1,67.78,620
SUDT Games,11,1.06,67.4,176
Marginalact,11,1.14,66.43,162
Axyos Games,11,1.27,65.57,3044
JoyBits Ltd.,11,1.0,62.89,3133
Silver Cow Studio,11,9.08,61.07,417
StarSystemStudios,11,2.35,58.74,168
ColloseusX,11,0.39,56.3,3018
IO Games,11,0.73,55.91,642
Aleksey,11,2.54,51.37,38
WhackAKey Games,11,0.55,50.56,910
Pokies4fun,11,9.35,46.88,21
Skmaestro,11,1.12,46.34,153
MCG,11,2.58,45.58,262
Polygon Art,11,6.95,45.49,287
SunshineOvercast,11,0.65,42.24,76
JY,11,4.17,31.29,90
ASOBI,11,2.45,,0
CupCupMug,11,3.38,,0
Horny69Team,11,2.08,,0
POISON,11,6.13,,0
Towndarktales,11,4.96,,0
Rusty Lake,10,1.79,96.41,76735
Tribus Games Indie,10,0.62,95.75,233
Old School Vibes,10,0.75,95.47,342
Gray Boss,10,0.99,95.38,308
ISY,10,4.72,95.13,1203
Vergiu,10,0.89,94.45,739
Higgs Games GmbH,10,3.7,94.05,105
LostVolBytes,10,0.84,93.99,780
Maciej Targoni,10,1.32,93.41,16669
Mojiken,10,1.98,92.67,16404
凝冰剑斩,10,0.54,92.67,2063
desunoya,10,5.79,91.34,279
Illwinter Game Design,10,11.06,90.99,7381
Remix Games,10,0.69,90.03,421
Hijong Park,10,1.11,89.82,583
Zetsubou,10,3.3,89.71,1113
Cuddle Code,10,3.4,89.47,841
Graverobber Foundation,10,4.63,88.82,612
PixelGreeds,10,2.43,88.72,1262
Notovia,10,5.75,88.66,5192
Sounding Stone / 老奉毊,10,4.28,88.56,696
Ryan Bissonnette,10,3.59,88.33,25
MFC STUDIO,10,7.2,88.12,146
InvertMouse,10,6.19,88.01,3753
Nevosoft,10,6.19,87.81,221
Pixeljam,10,1.24,87.66,4410
Matthew Brown,10,0.8,87.41,16186
Scumhead,10,3.9,87.35,3380
Desert Fox,10,1.9,86.78,3649
Moonbit,10,3.09,86.43,2617
Euphoria Games,10,3.44,85.88,986
Slitherine Ltd.,10,12.69,85.75,10152
Zoom Out Games,10,8.16,85.16,92
Thomas K. Young,10,9.09,84.72,556
BANDAI NAMCO Studios Inc.,10,9.21,84.39,156302
orange,10,7.26,83.67,124
Urban Isotope,10,1.21,83.33,13
dramatic create,10,18.94,83.27,388
11 bit studios,10,6.13,82.82,254543
Stranga Games,10,1.27,82.81,3397
Steelkrill Studio,10,7.44,82.27,1620
eFunSoft Games,10,5.53,82.17,74
Point8 Games Inc.,10,6.45,82.14,20
Fireplay Studio,10,1.82,81.61,105
Invictus Games Ltd.,10,3.85,81.5,6575
Minor Key Games,10,2.02,80.69,9250
Anawiki Games,10,5.47,80.14,218
ACE Team,10,3.24,79.97,19031
Arkane Studios,10,5.21,79.7,257007
Konnichiwa Games,10,0.69,79.47,6534
Kerry Batts,10,11.89,79.45,405
JustTomcuk,10,2.6,79.01,1025
MIROWIN,10,2.29,78.62,2231
Flying Panjandrum / ふらいんぐパンジャンドラム,10,9.28,77.72,542
ESQUADRA,10,7.91,76.2,835
ZHANG FAN,10,2.44,75.89,1134
个人,10,3.94,75.85,151
Overaction Game Studio,10,1.2,75.36,412
Quacky Games,10,6.58,75.05,1403
Whiskeybarrel Studios,10,5.81,74.74,4853
Zojoi,10,2.02,74.41,1236
BufoProject,10,5.84,73.99,552
Nomad Games,10,4.38,73.78,12270
Survios,10,8.29,73.24,8473
PigeonDev,10,1.45,73.22,371
Microblast Games,10,1.17,72.72,16494
Rainbow Games,10,3.49,72.0,811
Aspyr,10,9.52,71.84,22339
Ominous Entertainment,10,1.14,71.39,655
Gameloft,10,5.95,71.29,27126
Auroch Digital,10,5.91,69.71,20583
Positech Games,10,5.19,69.62,18199
k148 Game Studio,10,4.5,68.96,258
PlayFirst,10,6.89,67.26,575
Dogenzaka Lab,10,5.09,66.44,1873
Matthew Lalande,10,4.11,66.0,10
N3V Games,10,4.75,65.27,8004
Playtouch,10,0.64,63.84,155
NedoStudio,10,4.19,61.98,938
Ghost_RUS Games,10,0.55,61.06,156
BloodRain Publishing,10,0.49,60.6,142
Revulo Games,10,2.26,60.3,76
Appnori Inc.,10,10.84,59.74,899
Stardock,10,14.07,59.64,477
GFI,10,2.54,58.1,89
CrazySky3D,10,5.06,55.92,63
Team Spikkeee,10,1.75,54.0,30
TITANIUM ARMOR,10,0.97,50.0,2
exosyphen studios,10,2.55,46.21,2161
Caipirinha Games,10,6.76,45.14,778
Softwaves Mini,10,0.54,36.94,147
ARGames,10,0.49,35.02,414
LFR games,10,2.14,34.24,58
Furry Tails,10,1.34,,0
Game Hollywood Games,10,0.0,,0
Naughty Narratives,10,2.2,,0
Puppetmaster3dx,10,6.19,,0
SUCCUBUS ZONE,10,8.27,,0
Toffer Team,10,2.31,,0
Uintani,10,0.49,,0
ggame,10,2.94,,0
アトリエさくら (Atelier Sakura),10,20.99,,0
樹懶叫工作室,10,5.99,,0
Sweet Banana Games,9,2.35,100.0,3
kurigamedev,9,1.39,96.47,279
Johan Peitz,9,2.33,96.07,339
Waidy Andrade,9,0.71,96.07,397
NEKO WORKs,9,3.13,95.74,82889
Studio Élan,9,7.07,94.51,4172
Wadjet Eye Games,9,4.16,94.28,8229
Oleg Sereda,9,2.55,94.2,115
nP Studios,9,0.0,93.84,64
Hangover Cat Purrroduction,9,5.26,93.6,1070
0cd studio,9,0.99,92.86,10
Syntaxity,9,5.99,92.86,26
Lil Hentai Games,9,0.95,92.32,14116
NoraPerikaProject,9,0.93,92.06,23
Amanita Design,9,3.05,91.85,47892
AQUAPLUS,9,21.38,91.77,5284
Open Alpha,9,0.0,91.61,149
Google Inc.,9,0.0,91.55,1267
Liar-soft,9,9.2,91.44,2710
White Blanket Games,9,3.43,91.11,5282
Hanako Games,9,7.93,90.81,9215
Oh,9,1.6,90.69,379
Daisessen,9,6.45,90.58,54
INTENSE,9,6.87,90.48,848
Coffee Studio,9,1.1,90.29,221
C's earth,9,0.54,89.97,52
Robotizar Games,9,0.78,89.39,210
ApeHardware,9,0.59,89.17,98
origamihero games,9,1.19,89.01,253
Platinum Games,9,2.09,88.86,179
iMel,9,7.55,88.7,959
Green Lava Studios,9,1.88,88.53,4009
Robert Alvarez,9,1.99,88.28,1492
caiys,9,3.37,88.28,6643
Liujiajun,9,1.27,88.2,164
Nyanco Channel,9,0.83,88.14,447
Rake in Grass,9,5.07,87.97,7039
Orange_Juice,9,3.06,87.14,32021
eTIRUe,9,5.07,86.85,3582
inkle Ltd,9,7.67,86.61,6466
FadyGames,9,6.16,86.48,113
Wix Games,9,5.16,86.29,1516
Triumph Studios,9,6.85,85.18,52551
TT Games,9,4.81,84.92,96733
SUCCESS Corp.,9,11.28,84.67,318
Stanislaw Truchowski,9,1.24,84.58,3771
TRIANGLE SERVICE,9,6.66,84.42,268
Tamsoft,9,8.97,84.35,19662
Milkstone Studios,9,5.51,84.26,38054
IKINAGAMES,9,3.78,84.06,179
GRASSHOPPER MANUFACTURE INC.,9,11.24,83.95,14937
Frontline: Games Series,9,4.21,83.8,370
OZNA STUDIO,9,2.66,83.35,321
Interplay Entertainment Corp.,9,10.88,83.27,827
Monolith Productions,9,3.71,83.27,217745
Sumo Digital,9,14.3,83.25,52500
mc2games,9,4.93,83.19,2145
CD PROJEKT RED,9,4.21,82.44,1898518
Rabotiagi games,9,1.06,82.23,3686
NCH Software,9,47.6,82.04,122
Nadeo,9,7.88,81.35,37944
CrazyLabs,9,1.41,81.32,341
Dejobaan Games,9,9.27,81.1,3542
Eugen Systems,9,5.7,80.85,59171
Avalanche Software,9,7.66,80.57,327469
JinCycle,9,1.55,80.0,12
CAPCOM CO.,9,5.87,79.81,27997
Orneon,9,4.82,79.77,80
Rionix,9,1.02,79.73,632
WolverineSoft Studio,9,0.0,79.7,37
SMG Studio,9,5.66,79.33,42781
World-Loom,9,4.22,79.29,2328
Starni Games,9,11.6,79.27,2532
Aleksey Izimov,9,1.46,79.13,244
Enlight Software Limited,9,3.52,78.84,2533
The House of Fables,9,3.91,78.63,2469
Pine Studio,9,4.95,78.6,21796
rokaplay,9,1.91,78.38,1026
Nerial,9,3.32,78.19,13916
Funcom,9,5.91,78.12,131065
Thoth VR Health,9,3.55,78.1,25
Raptor Claw Games,9,4.93,77.88,2579
STP WORKS,9,2.52,77.76,1227
ToastieLabs,9,2.44,77.58,10669
Pendulo Studios,9,2.66,77.48,10901
Volition,9,2.19,77.15,116875
Vertigo Gaming Inc.,9,3.91,76.95,11275
Challenging Games,9,2.41,76.92,183
Grindwheel Games,9,3.59,76.67,17
KING Art,9,5.49,76.44,23378
IndigoWare,9,1.22,76.29,76
ClockStone,9,2.51,76.13,11703
Sheer Studios,9,1.46,75.82,853
CryneX,9,3.44,75.71,17
Limited Run Games,9,12.82,75.71,697
Puzzle Lab,9,1.25,75.63,219
Yume Creations,9,2.34,75.53,877
Repa Games,9,0.62,75.23,890
NYX Digital Ltd,9,2.16,75.14,74
Nexus Media,9,2.09,75.0,4
Pickle Drugs,9,0.97,74.9,513
iGindisGames,9,7.78,74.56,97
Out of the Park Developments,9,18.88,73.07,1902
Supermassive Games,9,9.9,73.02,57815
AgeOfGames,9,0.96,72.79,112
Fatshark,9,2.38,72.73,273041
Genene Game,9,0.81,72.62,84
BekkerDev Studio,9,3.25,72.2,812
OxygenStudio,9,4.38,72.12,106
Q-Games Ltd.,9,6.17,71.16,2426
JimJams Games,9,4.32,70.96,53
PanGuoJun,9,0.71,70.58,707
Aurora,9,3.79,70.4,30
Animas Games,9,5.7,70.37,24
Dymchick1,9,1.32,70.36,2156
Microprose,9,1.73,70.22,77
Hardi,9,8.05,69.9,140
AECRNIA,9,3.99,69.66,198
Kaneda Games,9,2.82,69.23,73
Vladimir Maslov,9,1.17,68.64,2550
stillalive studios,9,7.95,68.64,25825
LeonWaan Games,9,0.99,68.48,748
NLB project,9,1.22,68.43,611
Balio Studio,9,8.81,68.36,322
Storytaco,9,6.53,68.36,4333
Mzonestudio,9,0.86,68.33,574
Ageod,9,9.51,68.06,1863
Live Motion Games,9,3.16,67.76,8956
Julian Henley,9,4.55,67.73,94
AcroGames,9,3.32,66.8,24
Zhang Huiqin,9,1.22,66.67,8
RIVERSIDE SPORTS,9,1.55,66.1,5354
NL Studio,9,0.51,66.01,144
Inner Realm Studios,9,3.43,65.35,537
GreatherGames,9,0.73,64.67,205
Realmforge Studios,9,6.73,64.49,29778
CI Games,9,3.38,64.17,116030
Markus Korda,9,2.55,63.0,21
Sanuk Games,9,2.13,62.72,1167
Vox Mare,9,2.02,62.5,7
Ruskija game experience,9,0.65,62.0,190
LTZ,9,0.49,61.64,219
Mad Data,9,3.73,61.24,175
Black Lime Studio,9,0.52,60.16,3117
Reality Pump Studios,9,4.5,60.04,16630
FarSight Studios,9,13.97,58.96,4776
Interactive Gaming Studios,9,2.67,58.49,779
Marginal act,9,2.82,58.48,227
Dog On God,9,2.06,58.15,52
meokigame,9,1.52,57.91,197
Rosa Special Studio,9,1.26,57.63,1102
Funny Twins,9,2.55,56.87,218
BT Studios,9,1.27,55.98,242
Tom's Feral Cat Games,9,0.49,54.68,56
Shoho Games,9,0.77,54.11,234
Wastelands Interactive,9,1.04,53.62,1768
KR Games,9,3.32,52.68,191
King Key Games,9,2.21,52.33,270
Evil Bunneh,9,2.51,52.04,84
Sunlight Games,9,2.64,50.37,1220
Crossplatform,9,2.05,50.21,47
GDNomaD,9,0.49,49.37,3772
Softwaves,9,0.74,40.64,371
SmartOliveGames Ltd,9,0.44,24.03,78
Technologies&Simulators,9,2.41,9.64,46
CRX Entertainment Pte Ltd.,9,4.57,2.5,13
Zee Vital,9,1.83,0.0,6
Carnality INC,9,7.05,,0
Ero Team Triangle,9,1.86,,0
Inceton Games,9,6.99,,0
JellyFluff Games,9,5.44,,0
Kopon Games,9,1.3,,0
MILF Factory,9,6.38,,0
Nyankofeti,9,14.77,,0
Pantsu Productions,9,0.85,,0
PastureSoft,9,6.16,,0
Pookie,9,5.42,,0
simplecakestudio,9,0.99,,0
McPeppergames,8,6.23,100.0,3
zzzgame,8,5.35,100.0,7
Noobzilla,8,0.82,98.88,89
Emerald Knight Interactive LLC,8,2.21,98.69,29
Daisy Games,8,2.58,98.09,252
Circle Fairy Flower,8,5.47,97.56,119
Sinomod Studios,8,2.3,97.03,163
minori,8,10.27,96.81,5414
Attack Studio,8,0.63,96.63,141
MUTAN,8,3.93,96.28,358
ShortStackStudio,8,0.82,96.15,186
Adventure Islands,8,1.95,95.89,566
Sting,8,11.74,95.06,539
Innocent Grey,8,12.93,94.8,6266
Reanim Games,8,0.56,94.59,69
Free Lives,8,5.08,93.96,106247
TreeFall Studios L.L.C.,8,2.1,93.77,80
Narrator,8,6.12,93.38,940
Alkinoy,8,1.63,93.34,427
Male Doll,8,4.12,93.33,15
Ferulox Studios,8,2.99,93.28,128
Tuga Studios,8,3.18,92.93,27
TERARIN GAMES,8,6.93,92.9,307
Scott Cawthon,8,4.62,92.71,201553
Cosmic Void,8,2.9,92.34,548
Argent Games,8,4.62,92.32,1131
Supernova Games,8,2.18,92.28,224
FM Simple Games Studio,8,1.88,92.03,125
Deep Green Games,8,1.65,91.75,416
VICTORIA Games,8,1.49,90.78,275
Fallen Tree Games Ltd,8,5.23,90.72,9386
BeXide Inc.,8,7.48,90.5,2266
Akhir Pekan Studio,8,3.43,89.87,1513
致意,8,3.03,89.72,4092
Cannibal Interactive,8,2.93,89.58,108
MoeNovel,8,3.33,89.41,8461
NP,8,2.43,89.36,552
FreakZone Games,8,5.61,89.19,5134
Happymeal Inc.,8,5.8,89.19,100
Peach Rain,8,1.76,88.68,429
Sensen Games,8,2.02,88.53,243
Who We Are Games,8,0.54,88.34,995
PLAY Mephistowaltz,8,4.48,88.21,361
Opala Project,8,2.31,88.09,231
Fractal Projects,8,1.17,88.03,2785
Grey Alien Games,8,3.97,87.78,2868
Leslaw Sliwko,8,12.68,87.75,1466
theNeko,8,0.63,87.5,16
Blazing Planet Studio,8,2.05,87.49,3324
Rogueside,8,5.53,87.41,15495
橘子班,8,2.79,87.26,11733
Nochi Studios,8,11.21,87.07,69
Fortcullis Games,8,1.47,86.66,93
Popoko VM Games,8,4.74,86.66,101
Steel Wool Studios,8,23.43,86.65,82537
Fury Software,8,13.52,86.57,1733
RETSUZAN,8,3.45,86.17,67
Growfall Games,8,0.84,86.14,266
5minlab Corp.,8,4.98,85.91,2539
SpielmannSpiel,8,4.15,85.89,193
Tripwire Interactive,8,6.28,85.83,252991
Ironhide Game Studio,8,7.74,85.81,53572
EXAMGAMES,8,5.13,85.67,198
TAITO CORP.,8,16.62,85.61,2196
Velsin,8,3.43,85.41,210
Creepy Brothers,8,4.82,85.35,6812
Pitigamedev,8,5.12,85.24,30
Woodsy Studio,8,4.8,85.09,368
NikiGames,8,0.59,85.0,16
QubicGames,8,2.41,84.92,78
HeartBeat Plus,8,6.09,84.7,5480
Remedy Entertainment,8,5.42,84.45,164102
Fewjix,8,1.53,83.93,191
Larian Studios,8,8.5,83.84,1003074
Tony Wang,8,3.42,83.74,158
Flying Wild Hog,8,5.49,83.68,81617
Brain Seal Ltd,8,4.8,83.46,1448
WRF Studios,8,5.18,83.35,796
VaragtP,8,0.69,83.3,10254
Acram Digital,8,9.73,83.29,818
Nerdook Productions,8,2.65,83.15,3479
No.25,8,1.24,83.0,2199
Dracula's Cave,8,2.77,82.67,263
Fabraz,8,2.9,82.59,1458
Fun Infused Games,8,0.76,82.51,323
Unbound Creations,8,3.99,82.48,3332
Cyan Worlds Inc,8,10.37,82.37,9949
Piranha Bytes,8,5.62,82.31,90444
Toge Productions,8,3.69,82.29,16333
Vile Monarch,8,3.38,81.84,11397
Chibig,8,3.31,81.64,4496
guilemus,8,1.31,81.44,413
Cygames,8,13.93,81.33,79654
Game Sunlight,8,0.49,81.31,43
Mismatch Studio,8,2.62,80.83,5914
Blendo Games,8,5.68,80.69,6522
Neoclassic Games,8,1.0,80.57,1559
Raven Software,8,6.79,80.31,38548
Choice Provisions,8,5.39,80.21,5692
Michaela Laws,8,3.24,80.17,2913
Perverse Games,8,0.96,80.16,1023
Kwing works,8,1.93,80.13,634
Flying. Stone. Production,8,1.46,80.0,21
AMPLITUDE Studios,8,9.12,79.77,95390
lamb of game,8,0.68,79.45,1451
Twilight Sonata Studio,8,1.09,79.23,2765
Fancy Fish Games,8,5.09,79.11,2211
Tuning Mania,8,1.75,78.87,116
bair games,8,18.8,78.59,35
Digital Reality,8,1.52,78.22,3784
Alientrap,8,3.02,78.14,12538
Sonic Team,8,17.61,78.08,61118
Noah Lewin,8,3.05,77.59,550
Luden.io,8,5.5,77.43,9422
Playcademy,8,2.23,77.39,478
Rockstar Games,8,16.54,77.29,830155
Rainbow Studios,8,6.8,77.28,11111
Game Museum,8,2.95,76.36,446
Bandai Namco Studios Inc.,8,7.32,76.33,144042
Tomas Daugela,8,1.3,76.2,93
吃了就睡工作室,8,3.74,75.54,2774
弘煜科技事業股份有限公司,8,2.97,75.5,842
Overflow,8,8.85,75.27,1719
SneakyBox,8,6.48,75.2,162
tjern,8,1.31,75.16,225
Reine Works,8,6.62,75.05,432
Ryan Silberman,8,1.25,74.36,104
Kazakov Oleg,8,1.95,74.0,6234
Tate Multimedia,8,1.67,73.99,12543
Petoons Studio,8,11.24,73.7,1877
Digital Happiness,8,7.24,73.68,8652
StudioGIW,8,11.45,73.65,184
Bewolba Studios,8,5.77,73.61,320
MY.GAMES,8,0.68,73.36,112952
Tribute Games Inc.,8,12.46,73.29,18831
Climax Studios,8,4.58,73.23,7960
Rusimitu Games,8,2.98,73.16,84
L&P,8,2.74,72.88,1052
Ankama Studio,8,1.56,72.86,12813
Teyon,8,7.05,72.65,39974
Rage Software,8,2.37,72.2,2295
CelleC Games,8,0.0,72.08,265
CINEMAX GAMES,8,2.67,71.8,2385
MYSTERY CROWN,8,6.38,71.8,790
Emblematic Group,8,0.0,71.71,325
Black Forest Games,8,5.88,71.65,18422
Egosoft,8,2.97,71.41,35866
Itera Laboratories,8,5.15,71.2,220
RedKar Devs,8,2.88,70.93,789
First Games Interactive,8,3.13,70.82,496
Bloober Team SA,8,15.87,70.67,79597
NetEase Games,8,0.0,70.56,290666
Reverie World Studios,8,6.48,70.36,8554
Aesir Interactive,8,7.39,70.1,21566
Skull Box Games,8,1.36,69.99,213
NipoBox,8,1.81,69.91,642
Cheesecake Dev,8,3.48,69.51,38049
chengcong,8,1.61,69.15,387
Blazing Griffin,8,5.62,68.84,5359
JanduSoft,8,2.78,68.53,2864
▲ Pyramid Games,8,4.17,67.76,5927
HapGames,8,4.08,67.58,83
samuel crevier,8,1.37,67.46,222
HaDe Games,8,0.56,67.34,412
SmallRiverStudio,8,1.18,66.67,5
Codemasters,8,23.37,66.5,109142
Cryo Interactive,8,1.69,66.44,628
Fakt Software,8,7.87,66.17,10428
Spellbound,8,2.38,65.93,8868
Wathitdew Record,8,2.32,65.71,26
RandomSpin,8,0.59,65.65,748
RedZyrro,8,1.01,65.33,39
Digital Fusion Inc.,8,2.2,65.29,417
Childish Things Ltd,8,13.24,65.21,470
Gammera Nest,8,2.14,63.77,881
Immersion,8,6.49,63.7,342
Games Farm,8,8.71,63.12,12724
phime studio LLC,8,2.96,62.49,401
Novalink,8,3.0,62.24,54179
Andreev Worlds,8,14.81,61.48,504
GameDev_ToolMaker,8,11.55,61.02,71
Image Power S.A.,8,3.06,60.74,1166
ChessBase GmbH,8,64.05,60.51,166
Leakage Games,8,1.49,60.04,332
Cleverweek,8,2.74,59.85,1407
Polantronic,8,2.99,59.34,60
Absolutist Ltd.,8,2.62,59.08,722
nikukyu,8,4.98,58.97,78
XDesktopSoft,8,2.02,57.72,564
Cloaz Studio,8,1.19,57.44,264
Yang Sun,8,0.86,57.1,230
MAGame,8,2.55,56.57,276
Josep Monzonis Hernandez,8,3.13,56.35,98
The Voices Games,8,0.49,55.61,49
PELMENI GAMES,8,0.64,55.6,149
khos85,8,0.0,55.21,212
哈视奇科技,8,6.74,54.11,362
Red twice potato,8,2.87,53.97,190
VGstudio,8,0.67,53.55,2030
GraphXGames,8,2.38,51.39,13
X-Legend Entertainment Co.,8,0.0,51.36,955
Stop-TussiN,8,1.04,51.02,440
HALVA Studio,8,1.92,50.51,135
Pine Games,8,0.79,47.5,40
Samuka Gomes,8,1.4,47.21,135
Eathrabaria,8,3.19,41.65,307
Sebastian Kemper,8,8.74,40.74,129
SupKai,8,1.19,35.44,69
Second Avenue Learning,8,1.99,33.33,3
臻新,8,9.35,25.0,9
100 Cats,8,0.45,,0
Capky Games,8,5.7,,0
Catnip Studio,8,1.02,,0
Feeling Potion,8,5.2,,0
Hentai Puzzle,8,0.87,,0
HotBamboo,8,5.48,,0
Keyjoker Games,8,0.84,,0
Krujoko,8,2.8,,0
Overlord Empire LLC,8,8.99,,0
SOULCHAN,8,1.62,,0
Two Cats Games,8,0.25,,0
Vancouver Film School,8,0.0,,0
by Cassandra,8,8.78,,0
Andrealphus Games,7,5.28,100.0,1
Drillimation Systems,7,3.46,100.0,14
GGOLDBIG,7,2.68,100.0,3
NEETNectar,7,0.32,100.0,1
Night Stroll Studio,7,5.43,100.0,6
SEO SOFT,7,0.0,100.0,11
Y-Square Games G.K.,7,3.03,100.0,4
Seal,7,1.76,98.22,1661
Enchant Games,7,2.47,96.68,264
African boy Keita studio,7,0.59,96.67,19
Wise Box Studios,7,1.3,95.8,135
Two and a Half Studios,7,5.28,95.73,11093
npckc,7,3.42,95.27,4305
HitherYon Games,7,2.39,95.17,112
DreamStudios,7,0.71,95.09,44
Debonosu Works,7,4.49,94.64,56
resnijars,7,3.92,94.27,252
Fireproof Games,7,4.56,93.96,81062
Crush-vAdin,7,2.42,93.83,417
Freebird Games,7,1.96,93.53,124894
Lump of Sugar,7,12.63,93.43,3801
Thedox Games,7,0.62,93.28,386
Lingtan Studio,7,4.42,93.21,2833
3DI LLC,7,4.56,92.86,8
Pinhead Games,7,2.56,92.85,378
CyberConnect2,7,22.42,92.8,24558
ArenaNet®,7,2.86,92.57,21594
Orfeas Game Studio,7,2.53,92.51,119
Majorariatto,7,2.06,92.49,7472
Day Art's Games,7,2.13,92.29,162
Snowhaven Studios,7,4.85,92.26,90
MOONSTONE,7,15.48,92.0,2310
DDreams Games,7,7.1,91.83,525
Gustav,7,1.98,91.34,2210
Google,7,0.0,90.67,5801
Landfall,7,3.82,90.61,292297
SkyBrave,7,3.88,90.39,141
Sylph,7,2.89,90.37,501
Elephant,7,5.85,89.73,51
Just Sauce Studio,7,2.35,89.52,461
Adept Studios GD,7,1.92,89.38,231
Nikolai Usachev,7,0.85,89.37,927
isTom Games Kft.,7,7.35,89.35,2357
MeteorWing,7,2.66,89.28,16
BrainGoodGames,7,4.13,89.15,718
Parham,7,0.99,88.85,59
Flying Islands Team,7,0.86,88.8,732
Unknown Worlds Entertainment,7,4.56,88.77,435631
FromSoftware,7,38.42,88.69,2096434
Capstone Software,7,2.62,88.35,171
Love in Space,7,6.56,88.28,5416
KAYAC Inc.,7,4.98,88.16,256
MMG Company,7,1.65,88.13,57
Schmidt Workshops,7,4.2,88.08,669
Samurai Punk,7,2.88,88.03,3882
Insomniac Games,7,19.7,87.79,202522
Witty Kitty,7,0.99,87.66,221
Hello There Games,7,10.2,87.53,6158
OKCITY,7,1.5,87.5,22
Bartoš Studio,7,1.91,87.31,700
Stately Snail,7,2.55,87.06,2749
Naku Kinoko,7,6.41,87.03,648
Beamdog,7,4.82,86.95,48605
Bithell Games,7,6.25,86.94,13295
Impressions Games,7,2.48,86.91,8359
Agelvik,7,5.08,86.89,518
David Pateti,7,3.06,86.76,489
AGE Zero,7,1.35,86.73,72
Dynamic Pixels,7,1.71,86.64,36552
UnderLight,7,1.49,86.47,40
Montee Games,7,2.83,86.43,414
Rocksteady Studios,7,3.21,86.4,323965
Windybeard,7,3.08,86.22,1635
The Game Kitchen,7,7.28,86.19,69159
EMIKA_GAMES,7,3.38,86.1,11429
Prime Bit Games SA,7,6.42,86.09,294
Tainted Pact,7,3.29,85.89,757
Tequila Works,7,15.6,85.86,23569
Alcedo Games,7,2.42,85.74,3663
夜行者,7,0.99,85.71,9
Coatsink,7,2.49,85.66,17940
CodeManu,7,6.56,85.63,1681
Kiki Games,7,4.89,85.57,2838
Coldwild Games,7,4.1,85.53,4852
Introversion Software,7,4.42,85.52,85226
Simon Eftestol,7,0.96,85.5,1067
LKMAD,7,1.69,85.38,104
CuberZ,7,3.85,85.0,10
Doomster Entertainment,7,1.66,85.0,1384
Handelabra Games Inc.,7,3.68,84.91,4275
Rogue Duck Interactive,7,5.08,84.75,1688
Kool2Play,7,3.22,84.64,811
Soldak Entertainment,7,6.82,84.4,1445
Mommy's Best Games,7,2.06,84.18,1634
SpoocleMacBoogle,7,2.25,84.01,479
LU QI,7,0.56,83.98,334
ByteRockers' Games,7,3.82,83.48,1115
Ninja Theory,7,6.85,83.46,121155
M2 Co.,7,11.4,83.28,1137
Serhii Khramov,7,3.42,83.22,194
Playsaurus,7,1.57,83.0,80709
Apogee Entertainment,7,2.74,82.87,873
Specialbit Studio,7,2.5,82.46,1411
UnderDoor,7,4.85,82.46,71
Mythical City Games,7,5.88,82.4,524
Mini Fun Games,7,2.09,82.26,382
Atlas V,7,3.21,82.17,213
SEKTOR GAMES,7,2.06,81.79,210
Owlchemy Labs,7,13.85,81.78,9872
Lunarhellgames,7,3.84,81.77,56
Sierra,7,6.63,81.7,2378
TERNOX,7,2.23,81.64,2299
Avalanche Studios,7,1.69,81.63,308388
Milk Poison,7,0.57,81.45,53
Shiro Games,7,8.2,81.35,121177
BlueEagle Productions,7,1.63,81.08,3206
DOMO Studio,7,3.85,81.08,5649
Toyman,7,11.56,81.06,219
Fishing Cactus,7,6.58,81.02,7685
The Knights of Unity,7,4.53,80.95,11037
Cakewalk,7,0.0,80.9,229
343 Industries,7,1.54,80.82,420650
Roppy Chop Studios,7,1.85,80.7,190
SpinTop Games,7,0.99,80.6,718
INSIDE SYSTEM,7,4.3,80.44,436
GameChanger Studio,7,3.5,80.35,2400
AleCubicSoft,7,4.15,80.27,1700
RhinoGearz,7,5.28,80.12,374
PUMPKIM,7,1.02,80.11,11588
David Gallardo,7,2.11,80.0,1109
Mastery VR,7,6.7,79.55,51
Battlefront,7,30.85,79.53,2000
DevilishGames,7,2.2,79.44,579
Faithy Games,7,0.43,79.13,167
赚大钱工作室,7,1.49,78.58,164
Jloo,7,2.29,78.57,20
BoomBit,7,4.92,78.51,97
PS Games,7,2.22,78.44,291
Ertal Games,7,6.21,78.31,33
Darkling Room,7,2.38,78.0,1515
PHL Collective,7,11.92,77.84,812
Terminal Reality,7,5.95,77.84,3582
Bry Guy Studios,7,1.57,77.78,40
Strategic Designs Ltd.,7,12.85,77.69,339
MagicIndie,7,2.09,77.39,1222
Xaloc Studios,7,8.56,77.26,110
Animation Arts,7,1.48,77.11,1862
Marmalade Game Studio Ltd,7,3.8,77.11,11498
Somnambulist Games,7,4.04,77.08,213
Daniel Rychlý,7,2.42,77.04,83
Muse Games,7,2.88,76.99,20299
ONEONE1,7,10.9,76.87,2345
Big Fish Studios,7,4.56,76.17,443
艾露比工作室,7,4.99,76.14,139
Asobo Studio,7,19.03,76.07,164711
Core Design,7,3.44,75.88,12199
Exordium Games,7,6.21,75.83,1798
Quicksilver Software,7,5.92,75.43,388
Every Single Soldier,7,8.99,75.42,1997
Insane Dreamers,7,8.22,75.24,1398
Cult Software,7,0.63,74.7,537
Hyper Hippo Games,7,0.55,74.64,66615
GexagonVR,7,4.02,74.39,6290
BattleGoat Studios,7,6.13,74.11,2375
2ev1l,7,2.19,73.81,57
Terapoly,7,2.82,73.74,2304
Batuhan Ertan,7,2.42,73.69,29
Xitilon,7,3.42,73.44,646
ThinkOfGames,7,0.58,73.43,2278
The Farm 51,7,7.03,73.15,25616
Cobra Mobile,7,5.56,72.81,1836
Lighthouse Games Studio,7,1.83,72.74,13036
Simplicity Games,7,6.68,72.07,252
Digital Leisure Inc.,7,2.49,72.02,6709
REVVALUTION Studio,7,2.47,71.75,954
TakeThem.Games,7,1.05,70.83,24
Eclipse Games,7,2.33,70.67,866
OSome Studio,7,3.06,70.65,3167
Renderise,7,2.92,70.4,17334
BadWolf Games,7,0.83,70.33,471
Torus Games,7,7.45,70.24,2619
Spiders,7,6.35,69.91,36311
Dark Gaia Studios,7,0.64,69.78,467
Ratalaika Games S.L.,7,4.99,69.6,180
Pigeon-G,7,7.49,69.34,223
Sports Mogul,7,13.99,69.27,230
Casual Brothers Ltd.,7,8.99,69.23,319
RoomsForRockets,7,0.92,69.21,212
34BigThings srl,7,4.78,69.05,10068
CCYY,7,1.99,68.91,375
Creative Storm Entertainment,7,4.46,68.88,1419
Avalon Digital,7,12.31,68.83,389
ZOO Digital Publishing,7,0.74,68.41,50
Mårten Jonsson,7,2.09,68.04,2144
Daniel Li,7,8.28,67.66,118
Family Devs,7,4.83,67.57,241
GameFormatic S.A.,7,6.25,66.84,1052
Movavi Software,7,40.88,66.79,1032
ASK_GAMES,7,2.69,66.75,739
VictoryXR,7,17.7,66.67,4
Tarba Paul Cornel,7,4.14,66.53,316
Paleno Games,7,0.99,66.52,1487
Taiga,7,3.28,66.47,40
Male Doll Stories,7,5.42,65.95,49
BBG Entertainment GmbH,7,12.49,65.89,175
photographer,7,0.86,65.54,118
Arkhouse Telegraph,7,3.33,65.4,117
GameXP.com,7,0.51,65.33,1193
StrelitziaGames,7,0.64,65.11,821
Gaming Minds Studios,7,9.78,64.6,16326
Slipgate Ironworks™,7,13.35,64.16,10237
Movavi,7,56.27,63.91,780
ZELENIUK,7,0.63,63.21,352
Visual Concepts,7,27.11,63.04,53675
Retroactive Fort,7,1.48,62.5,17
Solohack3r Studios,7,1.0,62.27,32
GGaming,7,0.49,62.22,211
One Buck,7,0.49,62.21,205
Wreck Tangle Games,7,3.28,62.1,185
Umix Studios,7,15.7,62.07,700
Hamsters Gaming,7,10.7,61.82,3663
Windforce,7,3.12,61.66,404
Saturn VR,7,3.42,61.63,184
Alice Games,7,2.15,61.31,365
IV Productions,7,3.17,60.72,310
Recotechnology S.L.,7,8.29,60.57,249
Take IT Studio!,7,3.42,58.83,4806
Sledgehammer Games,7,24.73,58.71,126772
ZOV GAME STUDIO,7,2.63,57.78,1837
Fancy Bytes,7,2.63,57.75,1623
Double Peach Productions,7,3.15,57.39,98
SRS Games,7,1.56,57.29,1116
Magic Pockets,7,6.28,56.91,297
BluePrinting,7,4.42,56.79,57
Nicholas Rizzo,7,4.13,56.57,2246
Devdan Games,7,0.65,56.17,885
MadAboutGamesStudios,7,5.9,55.31,434
Kerim Kumbasar,7,3.46,54.07,2359
Second Reality,7,4.46,53.66,1215
Gemini Stars Games,7,1.7,53.28,841
Independent Arts Software,7,2.99,52.66,430
Goetheden,7,1.99,52.57,144
90E GAMES,7,0.5,52.38,24
Labory,7,0.92,52.08,2013
Proximity Games,7,0.42,50.6,6455
neronsoft,7,32.2,50.0,2
edybtt Studios,7,0.08,49.63,55
Rail Slave Games,7,4.99,48.97,4020
Repulse,7,12.28,48.85,59
Z-Software,7,6.93,47.5,4265
Christopher Shove,7,0.99,46.67,8
BigFrog Studios,7,2.71,46.51,45
Droid Riot,7,0.64,45.61,162
Team 6 Studios,7,0.82,45.4,5190
Asobimo,7,0.0,43.19,2054
杰游科技,7,0.99,43.14,60
WTFOMGames,7,3.13,42.08,585
High and Wide,7,0.65,41.01,135
morojenoe's empire,7,1.59,40.32,327
Spacefarer Games Ltd,7,3.56,40.12,73
VirtexUniverse,7,1.18,37.69,90
EJRGames,7,0.81,37.4,441
Scripting Ventures,7,0.59,35.48,24
Ghost Machine,7,8.35,31.88,171
Niko Belik,7,4.4,30.16,46
Nero AG,7,34.42,29.85,58
3000AD,7,4.06,28.45,545
OFF1C1AL,7,3.56,25.55,68
Theodor Niklas,7,7.13,21.6,34
MAMMOSSIX Co.,7,11.42,20.24,28
清风,7,3.85,19.9,54
Aaron Dodo,7,7.99,,0
Blue Butterfly,7,1.83,,0
Dirty Adventures 🖤,7,11.03,,0
Femdom Game World,7,3.42,,0
Furlough Games,7,2.54,,0
Hentai VR Studios,7,6.29,,0
Infidelisoft,7,5.99,,0
Inspite,7,1.99,,0
KamaGames Entertainment Group Limited,7,0.0,,0
Lustful Universe,7,1.45,,0
Myriad,7,2.14,,0
NSFWEntertainment,7,2.56,,0
PAJAMAS EX,7,6.5,,0
Pocket Rocket Studio 🚀,7,6.06,,0
RareFetishGamez,7,2.42,,0
Recoil Mojo,7,8.28,,0
SimpleDes,7,0.59,,0
Taboo Tales 💘,7,3.37,,0
U+Me PLUS,7,14.99,,0
Wet Noob,7,4.99,,0
Zylyx,7,2.56,,0
Ayrton Alexis,6,1.95,100.0,13
BrainVM Games,6,2.66,100.0,14
BrightSpot Games,6,54.99,100.0,1
Final Offer,6,1.66,100.0,11
Ikuku,6,2.74,100.0,3
Instant Games Studio,6,1.56,100.0,4
IteraLabs,6,2.49,100.0,10
Nolo,6,17.0,100.0,9
XXIV,6,4.79,100.0,15
ChaseFOX,6,2.49,99.46,63
DU&I,6,0.66,98.15,16593
Mariaglorum,6,4.99,97.78,63
New Dawn Game Studio,6,1.29,97.49,252
Silkworm,6,3.7,97.25,212
Li Yin,6,2.48,96.88,24
VISUAL ARTS/Key,6,13.47,96.88,821
Stuffed Wombat,6,2.94,96.84,2446
Gemcraft Games,6,1.37,96.76,503
EpiXR Games,6,5.66,96.43,25
Pinel Games,6,0.82,95.94,889
SlimeSmile,6,1.81,95.92,2170
Siactro,6,1.34,95.8,5195
Bart Bonte,6,2.07,95.67,285
Dragon Dropper,6,6.49,95.56,28
Mark Ffrench,6,3.96,95.5,931
magicdweedoo,6,5.91,95.44,131
InterAction studios,6,2.24,95.15,6026
Zima software,6,5.91,95.09,1188
RucKyGAMES,6,3.22,95.0,49
Tea Monster Games,6,3.02,94.89,96
PALETTE,6,7.16,94.75,6055
Take Toad,6,1.49,94.24,631
TaleHammer,6,1.91,94.13,154
Sierra Lee,6,5.57,94.04,752
NowakGames,6,1.89,93.44,131
白露社,6,3.16,93.35,8636
The Behemoth,6,6.86,93.28,207746
Blyts,6,4.07,93.21,1854
Curiosity Computing,6,15.66,93.06,144
Business Tycoon,6,3.6,92.9,1029
Marudice,6,7.81,92.69,280
Image & Form Games,6,1.26,92.64,26615
ustwo games,6,4.26,92.53,24752
Navel,6,18.45,92.5,5557
Hentai X,6,0.49,92.31,39
Ma Ma Software,6,0.66,92.14,126
Dotoyou Games,6,1.79,92.12,379
FHNBHJ,6,3.54,91.87,771
Cloak and Dagger Games,6,2.21,91.7,5496
Blue Wizard Digital,6,2.38,91.57,7715
Futurtech,6,8.32,91.37,690
InnerspaceVR,6,3.82,91.34,2254
Potata Company,6,3.29,91.23,579
TTeokLeaf,6,2.49,91.05,58
琉璃花糖制作组,6,1.98,90.97,1585
Frictional Games,6,3.45,90.88,103788
TenkaiGames,6,3.24,90.67,618
Leonardo Alexandrino,6,1.59,90.56,50
Estoty,6,2.78,90.54,1728
DarkLight Studio,6,0.56,90.52,1232
Knuckle Cracker,6,5.81,90.3,12280
Maestro Cinetik,6,8.14,90.2,1025
Authogin,6,3.07,90.05,637
Shawn Kilian,6,0.69,90.0,25
Last Day of Work,6,9.99,89.96,752
Rusty Moyher,6,3.29,89.85,722
Ithaqua Labs,6,1.9,89.77,753
Jesse Makkonen,6,2.3,89.73,18432
Coffee Stain Studios,6,8.49,89.63,320363
Y.Kageyama,6,2.04,89.58,87
Artless Games,6,2.56,89.56,1659
Midori Games / みどりげーむず,6,1.49,89.44,251
Paul Bird,6,3.12,89.35,3229
Lucaciu Studio,6,1.49,89.33,18
Darius Immanuel Guerrero,6,1.32,89.32,487
Naoka Games,6,0.69,89.23,397
louis morel,6,0.0,89.07,357
Llamasoft Ltd.,6,6.91,89.04,658
DXF Games,6,5.82,89.01,217
riinwin,6,4.43,89.0,164
AZAMATIKA,6,1.33,88.97,5222
Two Star Games,6,1.79,88.9,21376
Kenny Sun,6,2.87,88.87,992
Brenntkopf Development,6,0.84,88.84,411
Jordan Allen,6,2.49,88.81,183
NEXT Studios,6,7.0,88.8,54612
Krome Studios,6,4.53,88.65,6340
RPGames,6,1.85,88.58,205
Vixa Games,6,5.63,88.5,1105
Primula,6,8.87,88.49,2698
Punx Studios,6,2.42,88.46,627
VR Designs,6,14.77,88.44,2161
Silver Dollar Games,6,0.67,88.4,20893
Nicalis,6,3.03,88.23,352932
Bolder Games,6,3.99,88.14,61
Christopher V. Costello,6,0.99,88.06,37
Ige Olwen,6,14.12,88.04,128
Hyperstrange,6,5.61,88.0,16802
CyberConnect2 Co. Ltd.,6,11.66,87.94,179436
Mad Mimic,6,5.97,87.75,2022
Renka,6,3.32,87.74,1502
Hothead Games,6,6.66,87.73,2759
Melos Han-Tani,6,7.12,87.6,2999
SK Soft,6,11.94,87.5,9
熊窝dodox,6,7.49,87.46,8312
Moonana,6,4.14,87.43,1322
Legend Entertainment,6,2.01,87.37,100
derevotyan,6,1.21,87.36,220
mokosoft,6,2.28,87.32,76
Bolverk Games,6,9.49,86.89,545
NatsumeAtari,6,11.7,86.8,3842
Terrible Posture Games,6,6.89,86.78,3442
Antonio Freyre,6,1.66,86.63,978
Awesome Games Studio,6,2.14,86.58,32466
AploveStudio,6,1.59,86.4,171
DONTNOD Entertainment,6,2.33,86.35,272153
AIHASTO,6,4.02,86.24,112273
Ubisoft Montpellier,6,5.24,86.23,51503
Gamious,6,3.87,86.22,20206
Pixelsplit,6,4.48,86.22,2857
Team Grybanser Fox,6,9.16,86.21,382
Purple Software,6,10.16,86.18,541
Ice-Pick Lodge,6,3.21,86.16,19219
Quantized Bit,6,1.24,86.08,1450
Luna Apps,6,2.82,86.07,162
Pandemic Studios,6,3.57,85.85,61278
Battlecruiser Games,6,3.49,85.72,5112
Salamandra88,6,3.13,85.66,1259
FM Studio,6,1.66,85.54,807
Funktronic Labs,6,7.49,85.52,2022
Red Triangle Games,6,0.94,85.52,105
Neko Game,6,0.84,85.5,2642
John Szymanski,6,5.7,85.47,5248
Alawar Stargaze,6,1.69,85.4,1104
FromLefcourt,6,2.59,85.33,632
MythicOwl,6,1.83,85.32,1937
Cosmocat,6,4.16,85.21,89
MONKEYCRAFT Co. Ltd.,6,15.04,85.18,11488
Megu Studio,6,0.91,85.17,63
Revolution Software Ltd,6,5.17,85.02,7615
Street Art Studios,6,0.67,84.92,223
Fantasy Flight Games,6,1.17,84.85,2707
Clarus Victoria,6,3.17,84.8,4501
Kiririn,6,1.0,84.73,217
RobProductions,6,7.24,84.71,56
Red Kraken studio,6,4.24,84.66,139
Gas Powered Games,6,2.39,84.48,36704
Amonga99,6,4.04,84.46,177
E McNeill,6,9.13,84.42,364
The Binary Mill,6,4.39,84.23,1325
illuCalab,6,13.54,84.23,2032
永恆艾莉絲工坊,6,7.9,84.16,423
InArcade,6,11.57,84.13,333
KomBits Game Studio,6,1.3,84.09,408
Radiangames,6,6.76,83.91,1423
Rank17,6,2.66,83.81,146
Valorware,6,4.74,83.79,1208
TOM CREATE CO.,6,4.83,83.64,18
Corrosive Studios LLC,6,3.82,83.58,555
Clockwork Origins,6,7.53,83.57,136
Mediatonic,6,6.85,83.54,484144
Pathea Games,6,6.12,83.53,82928
PikPok,6,10.99,83.51,9078
Playdek,6,5.07,83.5,6218
MyDearest Inc.,6,9.32,83.39,884
SAARSE,6,0.99,83.33,28
0 Deer Soft,6,2.98,83.26,1400
Red Storm Entertainment,6,2.07,83.19,4309
Hajime Doujin Circle,6,4.21,83.0,1047
Temple Gates Games,6,5.36,82.95,2673
Vendel Games,6,4.26,82.67,74
Pixelatto,6,0.95,82.66,19312
Unfinished Pixel,6,3.24,82.65,747
Korvinrular,6,1.19,82.56,636
Digital Crafter,6,4.93,82.42,1734
LogLog Games,6,2.08,82.21,95
Vagabond Dog,6,1.38,82.1,2916
17Studio,6,14.16,81.91,276
RainbowStudio,6,2.87,81.87,509
Ice-Cold Shivering Studios,6,6.66,81.82,25
キラ☆タマ,6,13.32,81.82,66
Mitsuki Game Studio,6,2.65,81.68,285
Sixteen Tons Entertainment,6,11.34,81.58,4440
PolarityFlow,6,7.33,81.51,293
Arcadia,6,6.37,81.41,681
TheDollarGameStore,6,1.66,81.37,58
LUXO Interactive,6,0.63,81.26,892
Studio Fizbin,6,2.33,81.24,5412
Yummy Yummy Studio,6,0.54,81.24,504
WildSphere,6,6.17,81.23,328
Crackshell,6,4.62,81.21,22688
Lieb,6,6.49,81.19,73
WarfareSims,6,0.0,81.16,721
David Moralejo Sánchez,6,2.66,81.1,9065
Pyro Studios,6,2.49,81.01,10513
AVANTGARDE,6,11.29,80.89,883
QLOC,6,10.32,80.8,186936
Knight Owl Games,6,3.99,80.78,1013
deadworld games,6,0.69,80.73,315
Harebrained Schemes,6,9.16,80.72,61475
Starmyth,6,2.66,80.68,150
Destructive Creations,6,4.77,80.63,35447
Lola Fisher,6,0.86,80.55,43
Popcannibal,6,6.14,80.55,9850
Flying Star Games,6,7.32,80.53,348
Steve Gal,6,1.66,80.45,1189
studio wasp,6,0.83,80.36,80
SUPERita,6,1.08,80.24,121
Somi,6,2.72,80.19,11803
Sinclair Strange,6,1.74,80.13,975
GosDev Production,6,0.41,80.12,8462
Tyler L,6,0.34,80.07,58
RAYBIS GAMES,6,1.96,80.06,78
SUNSOFT,6,8.96,79.94,879
危途旅行团TravellersOnHazard,6,0.46,79.88,39
peakvox,6,5.64,79.73,1158
Subsoap,6,3.91,79.72,3703
Rain Games,6,3.19,79.68,3557
GOCORE,6,2.24,79.64,3181
Retro Army Limited,6,1.22,79.57,3029
MachineGames,6,11.66,79.49,150331
VuVuu,6,1.74,79.4,78
Caipirinha Games GmbH,6,4.66,79.37,48
BottleCube inc.,6,0.49,79.26,728
Mehsoft,6,0.99,79.21,2854
Commodore Sinapsy,6,2.82,79.17,12
NAPE GAMES,6,9.33,79.11,75
DEKLAZON,6,1.34,79.03,522
Icehelm,6,1.04,79.01,324
Crystal Shard,6,3.03,78.94,1461
Astra Playroom,6,0.51,78.93,401
Dangerous Derk Interactive,6,13.49,78.93,74
Hidden Ocean Games,6,4.41,78.82,38
Eurocom,6,4.52,78.67,1845
Sir-Tech,6,2.69,78.65,984
Vincent Lade,6,3.72,78.64,821
Voxel Bytes,6,0.94,78.55,507
Secret Labo,6,1.61,78.37,3319
Lazy Bear Games,6,5.38,78.35,67682
DRAGAMI GAMES,6,11.16,78.1,2995
Daniel Brendel,6,0.0,78.09,198
谭浩翔,6,1.15,77.86,419
AzatotGames,6,0.87,77.78,9
Lucas Fernandez,6,2.32,77.78,10
Size Five Games,6,2.37,77.76,3259
Doubleton Game Studio,6,6.49,77.74,58
Redbrick Studios Ltd,6,14.99,77.25,130
Ubisoft Mainz,6,14.74,77.11,28459
DeilRoXEntertainment,6,2.29,77.09,44
the Bratans,6,1.11,76.99,27746
Skylor Beck,6,3.64,76.67,96
Gaijin Games,6,3.24,76.65,8211
netmin games,6,7.78,76.55,342
RetroBug,6,1.19,76.39,283
FirePillar2,6,3.2,76.28,794
Draw Distance,6,3.83,76.11,8881
Ilmir Nasertdinov,6,2.39,76.1,58
Goblinz Studio,6,3.08,76.01,8902
btf,6,7.61,75.97,2421
Flump Studios,6,1.04,75.94,1350
Room710Games,6,1.49,75.86,7468
randomcreations,6,3.16,75.71,100
Kerberos Productions,6,3.12,75.64,2845
Shorebound Studios,6,1.25,75.38,1484
Duality Games,6,3.57,75.36,7234
Deck13,6,3.31,75.2,24213
Marco Amadei,6,3.73,75.18,12164
Tortuga Team,6,2.08,75.17,5161
Game Studio Abraham Stolk Inc.,6,8.83,75.06,159
4Kids,6,4.99,75.0,3
Perg Valley,6,2.46,75.0,16
Rivardus,6,0.66,75.0,8
Saibot Studios,6,2.08,74.63,5494
Labyrinthine,6,0.52,74.62,2866
Prince Game Studio,6,4.66,74.6,131
kan.kikuchi,6,2.39,74.55,234
Witte Studio,6,3.76,74.44,786
MobileFusion Apps Ltd,6,6.83,74.41,54
Crenetic GmbH Studios,6,2.24,74.26,4502
Source Byte Sp. z o.o.,6,1.62,74.12,96
Celeritas Games,6,5.56,73.94,591
Red Limb Studio,6,3.87,73.87,1537
Xatrix Entertainment,6,9.91,73.77,753
Ritual Games,6,0.97,73.71,489
The Chinese Room,6,11.38,73.6,27359
Brouillard,6,10.99,73.32,472
Bitmap Bureau,6,9.45,73.3,826
historia Inc.,6,4.58,73.28,418
Game-Labs,6,14.41,73.27,25170
Yurii Nikshych,6,0.6,73.15,60
StudioS,6,5.13,73.06,284
白信鸽工作室,6,2.32,72.94,124
Trophy Games,6,0.42,72.59,709
Sproing,6,2.57,72.58,1101
XOCUS,6,9.24,72.56,427
Adam Stępiński,6,7.99,72.5,43
rentaka,6,2.2,72.17,135
Elephant Games AR,6,8.16,72.03,18
1C:InoCo,6,0.83,72.0,2952
N-Fusion Interactive,6,3.63,71.97,1263
Future Lighthouse,6,0.0,71.6,141
Spellbook,6,6.83,71.46,896
Malfador Machinations,6,1.58,71.36,802
Wenkly Studio Sp. z o.o.,6,8.22,71.26,1073
NullReferenceException,6,1.16,71.19,53
Digitalmindsoft,6,6.86,71.12,73792
Appy Monkeys Software Pvt. Ltd.,6,5.66,70.79,89
FastGame,6,1.99,70.79,777
Adam DeLease,6,2.16,70.58,764
raptor lab,6,5.99,70.12,4099
Kunstaat,6,4.59,70.1,149
SimBin,6,5.66,70.04,3037
A Thousand Myths,6,3.62,70.0,17
青灯独酌,6,0.97,69.99,115
Behaviour Interactive Inc.,6,4.91,69.95,803204
INORK Game,6,4.49,69.88,34
Red Meat Games,6,2.54,69.83,274
Sergey Bobrov,6,8.66,69.68,364
chenjd,6,2.62,69.43,165
John Wizard,6,1.66,69.36,557
Alda Games,6,2.66,69.3,15934
OrionSoft,6,4.11,69.17,100
Madmind Studio,6,7.66,68.69,13122
Soccer Manager Ltd,6,0.0,68.58,3143
Ground Shatter,6,9.28,68.36,5327
Priory Games,6,2.23,68.35,130
Celery Emblem™,6,3.88,68.33,225
Splash Damage,6,2.5,68.06,84469
Infinite Interactive,6,5.36,67.96,3095
Cyanide Studios,6,13.32,67.71,15013
Shotx,6,2.22,67.64,376
Thor Gaming,6,1.49,67.53,40
Ino-Co Plus,6,5.53,67.23,4740
UPLAY Online,6,8.16,67.2,18614
Christopher Cinq-Mars Jarvis,6,1.79,67.19,255
T-Bull,6,3.16,66.73,1522
SomeTimesAtNight,6,2.1,66.67,6
Crow's Perch,6,6.86,66.66,8
Light Game,6,5.66,66.55,88
DangerousBob Studio LLC,6,5.42,66.18,444
Makivision Games,6,2.52,65.68,161
ChaoYe Liu,6,7.22,65.62,305
HA Studio Ltd.,6,0.66,65.41,1013
Arafkan Games,6,2.92,65.21,136
Grey Dog Software,6,19.16,64.77,690
Dragon Slumber,6,1.31,64.55,739
Anshar Studios,6,9.39,64.52,3479
Revolt Games,6,1.47,64.44,143
3DDUO,6,0.85,64.22,405
Kvass Da Valenki,6,2.17,64.12,117
Joy Way,6,11.08,63.64,2840
Tale of Tales,6,9.82,63.56,2538
Funny Games,6,0.45,63.18,1074
BananaDogGames,6,3.99,63.05,230
GamesFromTheOtherSide,6,2.29,62.67,38
Gravity Interactive,6,0.0,62.63,5299
Moondolino,6,15.02,62.41,303
2MEDYA,6,3.23,62.33,238
CaRacing Studio,6,0.0,61.87,50
Akella,6,4.12,61.49,3076
Nitx Games,6,1.42,61.11,17
TB Games,6,2.26,60.83,12972
Bamtang Games,6,10.16,60.79,1310
HeroLabs,6,1.86,60.24,1128
Silent Dreams,6,1.21,60.15,7794
Camel 101,6,5.13,59.75,1589
Cradle Games,6,13.47,58.98,5152
Bit Planet Games,6,11.33,58.87,780
BefuddleBug,6,2.32,58.14,85
SolitaryStudios,6,1.46,58.06,254
Reality Pump,6,2.59,57.74,4528
Dolores Entertainment,6,4.95,57.67,268
EddysssGames,6,1.62,57.6,50
Dikobraz Games,6,0.92,57.36,190
Elder Games,6,5.44,57.11,2434
Useless Machines,6,0.49,56.81,240
FeelThere,6,28.57,56.73,1777
Cyber752,6,1.99,56.66,20
Gestmorph Games,6,1.0,56.57,157
Soiree Games,6,2.49,56.41,22
Sometimes You,6,0.54,56.16,3022
Indiecode Games,6,0.0,56.13,491
Luiz Felipe Da Silva Marian,6,1.16,55.63,110
azucat,6,9.91,55.28,46
24Frame,6,3.99,54.62,1230
Suzuki Cecil,6,29.57,54.5,40
GalaxyVerse,6,5.16,53.91,280
Midnight Games,6,2.94,53.1,1695
Dexter Studios,6,9.82,52.73,34
Frederik Holst,6,2.33,52.58,37
Mykel Flynn,6,5.66,52.52,111
Egor Magurin,6,1.05,52.1,2396
Forever Young Games,6,2.91,50.72,75
LikeGames,6,5.82,50.56,79
VRMonkey,6,2.86,50.26,118
2 Barrel Arts,6,3.47,50.0,2
Dingdang,6,0.91,50.0,2
Hypothesys_indie_Dev,6,1.11,50.0,2
Source Byte,6,2.22,50.0,15
WGI GAMING,6,4.99,50.0,2
ReHarmony Games,6,199.99,48.97,40
Diggidy.net,6,3.99,48.79,465
DreamsSoftGames,6,2.49,47.7,373
Squad Cell,6,1.62,47.22,13
Dreamatrix,6,4.74,46.59,254
Deceptive Games,6,1.22,46.44,802
Narko Games,6,0.82,46.16,1218
D1ONE,6,4.99,45.81,261
Mew Games,6,3.19,45.24,26
Silver Cloud Games,6,14.32,44.05,12
KOEX studio,6,4.14,43.89,314
Idea Cabin,6,2.41,43.85,660
TwoDogs,6,4.7,42.59,13
Com2uS,6,0.0,42.11,19
Displacement Studios,6,2.82,41.73,148
Builder7,6,4.49,40.87,25
Salsawi,6,1.82,40.59,176
Pixel Fox,6,0.74,39.93,66
Nuts and Volts Electronics,6,0.85,37.98,39
Daniel Seman,6,3.66,36.66,189
Tainted Games,6,2.99,35.35,170
Bootur Games,6,1.4,34.51,43
13-lab,6,0.33,34.48,192
Gamesoft Studios,6,3.24,34.11,35
As-key,6,6.33,33.33,13
Male Doll Adventures,6,3.38,33.33,9
Thetis Games,6,13.54,32.43,141
Mindscape,6,8.99,31.72,47
ZZYZX RD game studios,6,2.49,30.39,20
Carlo D'Apostoli Projects,6,0.89,30.28,51
RenPixel,6,0.71,30.21,42
PhantomCore Studio,6,0.99,26.04,31
Axe Games,6,0.82,24.35,202
F-Games,6,1.17,13.89,43
Matnogames,6,0.99,0.0,2
SE {} KS,6,10.99,0.0,5
74games,6,3.07,,0
AhrpuXR,6,19.99,,0
Casket,6,7.49,,0
Coolpeng,6,11.66,,0
DIG Publishing,6,1.03,,0
Dreamers Workshop,6,3.83,,0
Entertainment Software International,6,2.22,,0
Happy Fish,6,1.53,,0
Hoi Hoi Hoi,6,6.26,,0
Kenningsly,6,4.24,,0
LarsMidnatt,6,3.33,,0
Mark Ainsworth,6,3.16,,0
Matryoshka,6,0.0,,0
Mikoko,6,1.49,,0
Morf Games,6,1.16,,0
Pink Tea,6,4.43,,0
R2 Games,6,0.0,,0
Shady Corner Games,6,8.49,,0
Softened Cookie,6,0.59,,0
Team Tea Mascot,6,3.39,,0
fap girls,6,2.99,,0
the NineLust Studios,6,4.49,,0
walkgame,6,3.16,,0
やぶから堂,6,11.11,,0
3ichael 7ambert,5,4.99,100.0,1
Alexis Clemente,5,1.49,100.0,10
BHPG,5,54.99,100.0,1
BrotherWood Games,5,7.0,100.0,20
DoubleTapStudio,5,54.99,100.0,5
Fasold Publishing,5,1.84,100.0,5
IzukawaN,5,1.59,100.0,25
Jofer's Games,5,0.2,100.0,2
Judox Studio,5,2.59,100.0,1
Mr Chip Software,5,4.79,100.0,1
Nekomata Games LLC,5,7.24,100.0,7
Nicholas Brakespear,5,3.99,100.0,1
PJ.Unreally,5,3.27,100.0,10
Pollapee,5,4.14,100.0,19
Pretty Fly Games,5,0.76,100.0,67
SeikaGames,5,1.79,100.0,2
SmartGames,5,2.39,100.0,2
Smobile,5,4.39,100.0,4
Stacy Story Games,5,2.57,100.0,1
Wanech,5,0.45,100.0,4
かべろくん,5,0.4,100.0,2
绅士游戏工坊,5,3.18,100.0,4
Kowloon Drop Bear,5,1.69,98.98,53
Rabbiton,5,2.29,98.73,2551
Zeekerss,5,3.24,98.26,491589
Grade 9 Games,5,0.99,98.25,60
Nightmare Emporium,5,2.99,98.08,77
Samuel Leigh,5,0.4,98.0,31
Ultimo Games,5,2.99,97.86,398
AvoCavo,5,3.8,97.83,4727
Konrad Pawlikowski,5,1.59,97.78,146
MyGrandfather Games,5,1.85,97.64,546
Matt Roszak,5,4.59,97.48,11769
Enigmatic Network,5,10.82,97.44,207
Hamumu Games,5,7.34,97.43,278
Boolat Games,5,3.34,97.28,781
ほんわかふわふわ,5,1.03,96.94,60
Butterfly,5,0.6,96.88,26
Nimavoha Interactive,5,2.58,96.88,30
Sean Marty,5,1.89,96.67,14
Top Evidence Studio,5,2.99,96.67,21
ZeNfA Productions,5,0.87,96.67,38
Ludogram,5,9.15,96.59,360
Emberheart Games,5,4.17,96.58,1084
YUZUSOFT,5,19.44,96.58,54120
A. Hagen,5,1.2,96.32,388
くそいサイト,5,4.31,96.27,591
PixelFade,5,5.47,96.24,3824
chimp,5,4.63,96.19,57
Matt Glanville,5,1.8,96.08,496
FzzyBzzy,5,1.49,96.05,71
Outis Media,5,0.96,95.98,174
Blast Programming,5,3.89,95.84,162
Viridino Studios,5,0.83,95.82,1084
Charles Games,5,0.73,95.75,619
Suspicious Developments,5,4.09,95.58,33997
Crit42 Studio,5,3.99,95.56,37
Megalithic Mainframe,5,2.62,95.48,58
Lose,5,8.92,95.45,9741
light,5,42.99,95.29,697
BIFROST CLOUD PTE. LTD.,5,2.0,95.28,447
Fred Wood,5,2.16,95.27,1523
Odencat,5,6.05,95.26,2078
AZARASHI SOFTWARE,5,11.2,95.25,608
Torch60,5,0.0,95.09,101
LeJunesArt,5,1.05,95.04,432
PUNKCAKE Délicieux,5,3.11,94.81,274
sprite,5,18.69,94.78,9712
Josyan,5,2.79,94.74,253
FC Maker,5,14.79,94.66,1851
Supergiant Games,5,8.19,94.61,420895
Jeremy Couillard,5,2.24,94.58,471
Rad Codex,5,7.97,94.58,1863
Bryce Summer,5,2.08,94.45,278
leimonya,5,1.97,94.44,31
Lillymo Games,5,1.55,94.43,108
Smee,5,13.55,94.34,1397
Suits & Sandals,5,0.5,94.34,1711
Tymedust Games,5,1.4,94.1,90
Wired Dreams Studio,5,3.28,93.88,315
ondydev,5,4.32,93.87,409
Roshan Nowshad,5,1.24,93.83,237
Storycentric Worlds,5,7.19,93.66,137
티민이,5,0.87,93.66,78
Ofer Rubinstein,5,2.11,93.56,34
Nova-box,5,8.44,93.48,715
Crazy Retro Games,5,0.8,93.33,9
Milan Raijmakers,5,2.99,93.33,11
9 Eyes Game Studio,5,2.15,93.32,484
Kazuhide Oka,5,3.39,93.32,624
Yacht Club Games,5,12.84,93.23,17748
Beautiful Glitch,5,4.63,93.2,24551
Best Friend Games,5,8.39,93.13,77
Asmodev,5,3.56,93.11,1798
Casey Donnellan Games LLC,5,2.32,92.98,10129
AsicxArt,5,0.95,92.89,19451
MEWSTURBO,5,2.4,92.83,72
Team SNEED,5,1.42,92.69,4792
G. A. Williams,5,3.79,92.68,126
Giants Software,5,14.79,92.67,180749
Patrick Sweeney,5,1.79,92.55,80
Amanclo Video Games,5,2.47,92.38,38
Caio Flavio,5,1.31,92.33,295
@unepic_fran,5,5.11,92.27,13846
Hamster On Coke Games,5,0.95,92.23,5034
Thatcher Productions,5,3.1,92.1,21
Snarkle Studios,5,2.39,92.0,32
Mimimi Games,5,6.19,91.92,61946
Drinkbox Studios,5,4.39,91.87,22903
Five Percents,5,0.49,91.86,388
ShineProject,5,1.79,91.72,208
Lunar Workshop,5,2.72,91.67,12
Onion Games,5,11.75,91.67,512
Andymente,5,9.19,91.6,652
Adventure Awaits,5,0.61,91.53,85
NovaSoft Interactive Ltd.,5,2.99,91.51,1020
CreSpirit,5,6.68,91.14,17151
DakeCraft,5,1.54,91.11,480
HaoHao Games,5,0.99,91.11,63
Colorgrave,5,5.08,91.06,844
LuN,5,2.53,91.06,179
Yunus Ayyildiz,5,2.39,91.04,2520
SUJIKO Media Group,5,1.01,91.02,55
Fading Club,5,3.62,90.98,4089
Blue Brain Games,5,11.49,90.92,9663
RIALAB,5,0.0,90.91,22
Mango Protocol,5,3.29,90.8,1780
Kyle Rodgers,5,2.99,90.75,195
Crankage Games,5,1.36,90.72,640
FAT BOMB STUDIOS,5,1.8,90.64,1225
Cube Games,5,1.21,90.58,89
Red Skald,5,0.47,90.56,401
Magenta Factory,5,2.89,90.53,3839
Truant Pixel,5,8.35,90.5,447
Mika Pi,5,2.39,90.48,11
Nuskadamo,5,1.0,90.48,14
Hollowings,5,2.74,90.44,3176
FRENCH-BREAD,5,11.19,90.42,21067
Thylacine Studios,5,7.29,90.4,3769
Joshua Keith,5,1.99,90.33,307
Sagitta Studios,5,1.1,90.26,92
WanadevStudio,5,6.99,90.22,9401
Ali Soltanian Fard Jahromi,5,1.39,90.21,35
WubsGames,5,1.07,90.08,149
Sempiternal Rain,5,1.34,89.98,340
Joseph Cook,5,3.35,89.97,29
Team GZ,5,2.3,89.91,482
CDIS Lab.,5,9.99,89.88,136
ABX Games Studio,5,2.17,89.85,60
戴永翔(Dai Yong Xiang),5,1.11,89.79,83
Yokcos,5,3.79,89.62,109
Manic Hyena,5,0.79,89.59,2266
RGByte Software,5,5.39,89.58,14
KaleidoGames,5,1.79,89.55,277
SUPER HYPER MEGA,5,6.99,89.5,668
CelLab,5,9.53,89.43,240
Door 407,5,5.18,89.33,10245
Tango Gameworks,5,9.19,89.3,111212
Shattered Journal Games,5,1.75,89.29,317
Mana Games,5,9.99,89.26,2246
Cozy Bee Games,5,7.15,89.15,6009
MinMax Games Ltd.,5,9.59,89.12,9940
Terri Vellmann,5,2.59,89.09,9044
Joure Visser,5,3.79,89.07,411
Rusimitu,5,3.38,88.96,64
UP DEVELOPMENT LTD.,5,4.5,88.91,72
Chilling Moose Games,5,0.69,88.89,11
Daruma The Factory,5,11.79,88.89,15
Sloppy Joe Studios,5,3.79,88.89,16
Wijat,5,0.77,88.89,78
Zeboyd Digital Entertainment LLC,5,1.38,88.88,6299
あみそ組,5,2.79,88.82,1459
ARVORE,5,6.24,88.81,520
Double W,5,0.8,88.77,20224
Nementic Games,5,2.11,88.76,299
Hollow Ponds,5,8.39,88.74,1792
GFX47,5,3.84,88.66,1604
Square Wheel,5,3.06,88.59,167
Erotes Studio,5,3.66,88.55,1080
Neat Corporation,5,11.79,88.48,3128
Virtual Arts Studio,5,2.08,88.47,602
Jestercraft,5,2.14,88.39,35
Cold Beam Games,5,3.47,88.27,10934
Anvate Games,5,0.76,88.24,749
pixel games SARL-S,5,5.09,88.23,615
Actor,5,2.57,88.2,84
IMPERIAL DYNAMICS,5,0.54,88.19,36
Score Studios LLC,5,4.39,88.16,395
DYA Games,5,3.94,88.15,3596
Rolling Crown,5,6.56,88.14,1309
Heartbit Interactive,5,2.11,88.12,3192
GB Patch Games,5,0.52,88.09,13652
World's Edge,5,9.24,87.9,322322
Bedtime Digital Games,5,2.23,87.79,10384
Otis Miller,5,3.19,87.79,204
Two Tribes,5,0.78,87.76,7607
Redsroll,5,2.9,87.65,94
Reima Project,5,1.01,87.65,54
Gamechuck,5,3.39,87.6,793
Ant Workshop Ltd,5,3.58,87.56,380
Nitreal,5,13.19,87.56,275
Kedronic UAB,5,4.59,87.5,22
Stray Fawn Studio,5,6.11,87.5,15931
株式会社ワンコネクト,5,3.4,87.5,23
Baltoro Games,5,1.71,87.47,585
Dano Sato,5,1.25,87.43,29
foolsroom,5,2.2,87.38,1618
Supreme Gauntlet Games,5,0.99,87.36,72
Girls Make Games,5,3.99,87.35,99
Total Mayhem Games,5,3.46,87.29,94392
BiteMe Games,5,3.47,87.1,304
Alex Loman,5,3.41,87.07,52
Deconstructeam,5,4.02,87.02,21031
Rejet,5,27.29,87.02,1323
Professional Villains,5,1.86,86.99,455
Blue Giraffe,5,15.99,86.93,1678
Cloudhead Games Ltd.,5,8.99,86.92,7489
James Earl Cox III,5,0.0,86.89,459
Latte Games JSC,5,2.79,86.88,17
Studio Bean,5,3.72,86.84,1554
CAVYHOUSE,5,6.51,86.82,566
Atomic Lollypop,5,0.0,86.8,70
Bitten Toast Games Inc.,5,4.49,86.67,3274
ElvGames,5,3.84,86.67,79
Lasse Zacho Malver,5,3.17,86.53,1117
Deep Root Interactive,5,9.13,86.51,4721
Marafigo Games,5,1.19,86.43,32
Battenberg Software,5,1.19,86.38,308
Rebelião Studio,5,1.44,86.34,221
Roll7,5,4.41,86.26,7316
Intrepid Marmot,5,7.11,86.23,1420
Deck Nine,5,13.29,86.17,63489
KARMAGAME HK LIMITED,5,7.93,86.15,2558
Bullfrog Productions,5,2.49,86.14,1891
ひとりサークル「匙投げ部」,5,1.79,86.11,18
Edmund McMillen,5,2.75,86.06,71768
Antizero company,5,0.59,85.99,341
Entertainment Forge,5,1.6,85.97,6030
Soma Games,5,8.97,85.84,112
Absorb Reality,5,1.31,85.77,227
Tree Men Games,5,3.72,85.74,615
Neckbolt,5,3.27,85.58,1167
Purple Lamp,5,16.69,85.55,29063
Garden of Dreams,5,1.14,85.41,136
Colorfiction,5,0.49,85.4,773
LEVEL5 Inc.,5,31.41,85.33,23582
Big Blue Bubble,5,16.79,85.31,43670
Hippo Games,5,10.99,85.3,4905
Croteam VR,5,3.99,85.07,3736
TooIzzi Games,5,1.99,85.06,53
Johnny Ostad,5,2.39,85.02,64
EXPERIENCE,5,22.99,84.87,1051
K-D Lab,5,2.95,84.84,1710
oyajinojiike,5,3.21,84.81,204
Pixel vs Pixel,5,0.76,84.78,937
Reborn Entertainment,5,3.96,84.71,4123
Graphite Lab,5,5.04,84.6,581
Oneiric Worlds,5,2.49,84.57,47
Cosmo Machia,5,14.05,84.54,235
MPS Labs,5,3.2,84.53,301
Mifux Studio,5,2.19,84.45,31
Oddscure,5,1.2,84.39,368
Old Skull Games,5,11.09,84.36,546
Derrick Davison,5,3.56,84.28,17
MELOVITY,5,3.1,84.26,361
Ninetail,5,30.79,84.07,1298
Big Loop Studios,5,3.94,84.05,5702
Ethan Robichaux,5,0.0,83.93,201
张亮002,5,2.19,83.91,152
Silver Lemur Games,5,9.49,83.88,792
Noham Games,5,3.71,83.84,850
Nerd Monkeys,5,2.09,83.79,630
Pixel Drip Games,5,3.36,83.78,159
游戏养家工作室,5,4.19,83.69,5025
Reiza Studios,5,9.39,83.65,17043
Nostalgames,5,3.43,83.62,3279
DON'T NOD,5,14.29,83.49,16423
quicktequila,5,3.27,83.42,3075
Corvaena Games LLC,5,1.19,83.34,12
WSS playground,5,7.87,83.18,53505
NetherRealm Studios,5,5.39,83.14,241240
Enter the Game Studios,5,1.21,83.13,84
Krillbite Studio,5,5.04,83.09,32333
Quantic Dream,5,2.09,83.02,224454
Red Axe Games,5,4.17,82.99,20847
ShaneGame,5,3.19,82.98,201
Robot Entertainment,5,6.34,82.95,51018
The Only Way Out,5,2.65,82.95,82
Conradical Games,5,4.54,82.91,339
Jonathan Moye,5,1.24,82.82,34
Soulwarmers Games,5,1.29,82.8,243
Brace Yourself Games,5,9.19,82.75,32974
Static City Games,5,1.64,82.75,85
Reflect Studios,5,3.79,82.72,7921
DarkStone Digital,5,4.99,82.7,7696
Wolfire Games,5,3.79,82.69,15975
Strategy First,5,1.2,82.64,3334
Derik D.F,5,0.67,82.62,34
Brainwash Gang,5,2.71,82.57,19202
Puppygames,5,5.2,82.55,3649
Trese Brothers,5,6.75,82.54,6027
ShiroKuroSoft,5,6.72,82.5,210
Vlambeer,5,1.74,82.5,30399
Stress Level Zero,5,15.99,82.48,55294
Independent Arts Software GmbH,5,8.39,82.46,90
Transhuman Design,5,1.57,82.35,8984
Different Tales,5,3.38,82.32,1300
Oddworld Inhabitants,5,3.1,82.25,9205
Simon Says: Play!,5,2.16,82.11,144
Daniel Ritchie - PDHowler.com,5,19.39,82.08,69
Game Dynasty,5,2.53,82.08,851
SmallBigSquare,5,2.87,82.07,63
Witz Games,5,3.09,82.02,100
Anate Studio,5,5.99,82.01,1345
法螺会,5,0.42,82.0,150
COLOPL,5,12.79,81.94,349
Graviteam,5,10.64,81.89,2422
AlexHoratio,5,0.46,81.84,40
Gemdrops,5,14.79,81.75,689
七転び八転がり,5,18.59,81.75,29
Hexage,5,5.99,81.67,1460
Eduard Kozadaev,5,8.41,81.62,7477
Stand Off Software,5,3.99,81.53,57
IzanagiGames,5,9.16,81.46,1300
Unexpected,5,2.59,81.36,2903
Dancing Dragon Games,5,9.39,81.34,15026
VRKiwi,5,7.77,81.29,566
Triangle Studios,5,5.28,81.21,2779
Grimlore Games,5,9.59,81.2,12820
Glitch Games,5,6.99,80.92,153
Campfire Studio,5,3.87,80.89,5222
Facepunch Studios,5,6.49,80.82,2389781
vikingfabian,5,2.56,80.72,796
Vladislav Castillo Gonzalez,5,1.18,80.7,1021
The Strategy Game Studio,5,8.99,80.68,162
Big Fat Simulations Inc.,5,9.23,80.6,1245
Alchemist Interactive,5,1.58,80.51,1247
Keyreal,5,2.99,80.44,85
NEBULA NOVA GAMES,5,4.42,80.43,133
BulatHard,5,0.59,80.41,412
Bold Statement Games,5,1.2,80.37,149
Samer Khatib (Snowconesolid Productions),5,4.91,80.24,1077
Looksten Inc.,5,3.89,80.22,36
Leikir Studio,5,11.39,80.21,3506
Longbow Games,5,16.39,80.1,1703
Nightshade,5,1.85,80.1,241
weltenbauer. Software Entwicklung GmbH,5,9.99,80.01,18533
Cyberworks,5,2.8,80.0,35
DreamForge Intertainment,5,2.77,80.0,116
GLHF_Studio,5,54.99,80.0,85
RedBrickStone Games,5,54.99,80.0,7
Bloom Digital Media,5,7.64,79.95,232
Firebug Games,5,4.39,79.95,271
Strongshell Software,5,1.4,79.95,61
hOSHI,5,2.79,79.76,350
Gamedust,5,3.66,79.64,343
iNFINITE Production,5,1.8,79.64,152
Noble Muffins,5,1.39,79.62,38950
Sobaka Studio,5,7.83,79.6,4841
TOMATOVR,5,9.79,79.47,67
Unusualsoft,5,0.49,79.37,11431
Behold Studios,5,2.94,79.32,10903
Ktulhu Solutions,5,5.1,79.28,473
Five BN,5,2.27,79.27,605
BBQ大好き,5,9.05,79.2,692
Shellpeach,5,0.99,79.17,22
Forceight,5,4.79,79.14,3869
QCF Design,5,3.74,79.14,2972
KellenKyo,5,1.32,79.13,30
Carrot Studios,5,0.59,79.1,318
NiVision,5,8.19,79.09,230
Curse Box Studios,5,2.19,79.05,430
VRX,5,2.0,79.04,133
MercurySteam,5,7.24,79.01,20876
Technomancy Studios,5,0.89,79.0,1982
KHB-Soft,5,2.99,78.87,6001
Passtech Games,5,3.95,78.8,28190
Fatih Mert,5,0.24,78.79,57
Rebound CG,5,13.99,78.78,699
Flight School Studio,5,10.71,78.71,751
Kurenaibook,5,1.63,78.71,454
Fasold Games,5,0.75,78.68,45
Gray Mantis,5,9.59,78.57,26
Ume Softworks,5,3.82,78.53,29
ilyumi,5,0.99,78.5,21
BKOM Studios,5,3.17,78.47,1389
Aligned Games,5,1.05,78.44,156
JJGames,5,3.79,78.33,44
Amaranth Games,5,2.19,78.32,536
iFAction Studio,5,13.35,78.29,1438
ben lunato,5,0.59,78.24,278
Screaming Villains,5,14.99,77.88,289
Fair Weather Studios,5,4.03,77.8,319
W-I-W,5,3.82,77.78,9
TEAM Black Hat Robot,5,1.83,77.73,228
Atelier 801,5,0.0,77.71,32800
Hörberg Productions,5,4.75,77.7,1078
Chaosmonger Studio,5,1.74,77.63,795
Gunfire Games,5,8.39,77.52,147314
Alley Catz Games,5,1.79,77.5,28
Image Works,5,3.09,77.5,33
TOKYO COOL JAPAN,5,0.0,77.5,9
Blindflug Studios AG,5,5.79,77.49,2159
Lua Ludica,5,2.11,77.45,35
OneCoin,5,3.95,77.42,63
Megame LLC,5,4.79,77.34,1647
Lance Games,5,3.83,77.31,2020
The Zoo,5,4.59,77.25,30
Paphnutius,5,0.9,77.22,87
Aleksandr Golovkin,5,2.65,77.18,4507
Grimorio of Games,5,10.19,77.14,753
Agafonoff,5,0.65,77.11,22464
Frima Studio,5,8.69,77.09,4561
Wave Light Games Inc.,5,12.19,77.09,514
Rainy Night Creations,5,5.51,77.06,113
Polymorphic Games,5,0.0,77.05,80
LunaBeat,5,4.07,77.01,187
Rideon,5,11.15,76.99,306
Tilted Mill Entertainment,5,2.79,76.76,1668
Alder Games,5,3.3,76.71,252
Chicken Launcher,5,2.26,76.7,6977
Pinblend Studios,5,5.19,76.7,112
Giorgi Abelashvili,5,1.79,76.66,943
Mighty Rabbit Studios,5,4.04,76.58,3901
Leadwerks Software,5,4.0,76.56,496
Space Fractal,5,0.0,76.54,217
TensionSplice,5,5.59,76.46,68
Games by Stitch,5,12.39,76.44,104
99 Grados Games,5,3.23,76.39,341
Access Software,5,1.25,76.34,434
ILLUSION,5,49.99,76.14,4422
ITC Studio,5,6.59,76.13,87
Cortopia Studios,5,8.99,76.1,533
Burut CT,5,2.46,75.97,1056
Arbatskii Anatolii,5,4.8,75.95,84
Yustas Game Studio,5,1.44,75.91,85
Atomic Games,5,3.59,75.83,99
REMIMORY,5,1.41,75.76,1534
Salt & Pixel LLC,5,4.19,75.69,87
Moolion,5,0.0,75.64,993
Aged Immortals,5,0.76,75.42,179
Playito.com,5,3.89,75.37,207
nekogameteacher,5,2.8,75.33,391
Vorh Games,5,1.25,75.23,1149
City Interactive,5,0.95,75.06,28070
Headway Games,5,1.89,75.03,55
Critoniuum,5,1.3,75.0,12
SoteroApps,5,1.67,75.0,3
RSoft Games,5,2.41,74.78,104
Citor3,5,10.99,74.68,79
HuneX,5,8.24,74.63,442
PreoNus Games,5,1.39,74.53,1103
Aaron Wise,5,1.01,74.52,63
IllFonic,5,9.59,74.41,10282
Serkan Bakar,5,3.67,74.38,885
Byking Inc.,5,7.39,74.36,5582
MightyCodeDragon,5,4.33,74.25,44
AO Games,5,0.6,74.17,252
Michal Bárta,5,1.69,74.06,65
EA Los Angeles,5,0.0,73.94,38451
For Fun Games,5,1.43,73.94,152
Archive Entertainment,5,3.37,73.92,4700
PixQuake,5,3.65,73.87,120
HV,5,1.13,73.86,34
Ninja Whale Studios,5,4.39,73.84,151
Pocketwatch Games,5,4.29,73.69,12773
Visualnoveler,5,3.57,73.67,935
Fern Nigro,5,4.59,73.55,853
Troglobytes Games,5,6.39,73.54,1366
Screwfly Studios,5,6.0,73.5,893
Deceptive Games Ltd.,5,2.37,73.42,513
KishMish Games,5,4.89,73.38,5648
Springloaded,5,3.55,73.31,4195
Atomic Wolf,5,2.72,73.14,1450
AstroMonkey,5,1.97,72.92,30
Moragami Co.,5,2.79,72.92,19
Play2Chill S.A.,5,4.41,72.75,1664
Classic Card Games Limited,5,0.6,72.73,22
Game Studio Inc.,5,8.54,72.64,3461
Repixel8,5,11.59,72.63,163
Purple Tree S R L,5,13.59,72.47,644
BlueLine Games,5,5.39,72.45,625
Tort,5,0.64,72.35,464
Rome Renner,5,3.79,72.22,10
IndieGala,5,2.43,72.21,2739
Cherry Pop Games,5,2.55,72.18,6448
Fair Games Studio,5,6.69,72.18,1174
Kielan xD,5,6.59,72.04,30
AdroVGames,5,1.89,71.99,2189
YUKE'S,5,16.91,71.96,3943
SCT,5,11.99,71.95,3299
dtp – young entertainment Gmbh & Co. KG,5,3.0,71.93,45
Elushis,5,3.02,71.77,122
Ice Code Games,5,8.69,71.74,4084
MYMEStudio,5,5.99,71.62,187
Just Making Games,5,2.31,71.35,166
Chasing Carrots,5,4.91,71.34,32044
reiti.net,5,6.99,71.27,69
Storm in a Teacup,5,7.79,71.2,1799
Tiny Shiny Things,5,1.0,70.99,511
Iron Galaxy Studios,5,8.58,70.81,9230
nStarcube,5,2.61,70.76,258
Zerodiv,5,8.19,70.69,96
Light Studio,5,2.09,70.62,54
Kerberos Productions Inc.,5,2.79,70.52,1593
M. Hanka,5,1.43,70.44,2071
Shiny Entertainment,5,13.99,70.34,1307
Gamera Interactive,5,5.04,70.2,1532
KolbasinoGames,5,0.1,70.16,424
Mascot Bro Studio,5,7.04,70.14,103
Frogames,5,5.19,70.02,1622
Garett A C Hunter,5,1.79,70.0,11
Afterthought Studios,5,6.19,69.98,341
LAN - GAMES LTD,5,2.39,69.97,3573
Almighty Games,5,1.01,69.95,2398
Digital Eel,5,0.59,69.69,1041
ZeroBit Games,5,3.89,69.52,1104
Dimps Corporation,5,13.39,69.37,30799
PlayTogether Studio,5,3.23,69.34,1395
Stormling Studios,5,3.08,69.25,3471
MOSS Co.,5,10.39,69.21,973
BlueTale,5,3.92,69.09,48
PcZ Games,5,2.84,69.05,31
Ricardo Pratas,5,0.79,68.99,342
CrackedGhostGames,5,0.7,68.97,229
Sylvain Seccia,5,5.39,68.97,221
xFAIRx,5,1.39,68.92,142
Rising Sun Interactive,5,1.24,68.67,37
Maze Theory,5,10.21,68.65,1046
DRAGO entertainment,5,6.41,68.64,28336
EF Universe Games LLC,5,5.59,68.62,77
eProdigy,5,0.99,68.05,159
Movie Games Lunarium,5,2.19,67.81,3738
RunServer,5,0.42,67.63,852
SURPRISED HOTDOG LIMITED,5,2.37,67.58,164
monacrea,5,4.49,67.5,22
Propulsion Games,5,2.04,67.29,66
Total,5,0.41,67.16,53
Laughing Fox Games,5,4.66,67.03,59
Hangar 13,5,15.59,66.95,181863
Mass Creation,5,0.93,66.91,1881
S Xavier Uy,5,5.27,66.67,3
Cold-Dark Software™,5,1.05,66.58,57
Legend Studio,5,3.48,66.52,5418
Deck 13,5,1.99,66.39,1252
Kyy Games,5,0.8,66.31,3297
Tindalos Interactive,5,4.63,66.01,32528
Srio VR Studio,5,2.74,65.79,44
Serious Games Interactive,5,0.69,65.77,742
Barty Games,5,1.59,65.69,52
Hellshake Yano,5,0.75,65.68,52
Meridian93 Studio,5,3.68,65.54,158
Artic Wolf Games,5,3.19,65.29,31
Studio Evil,5,27.59,65.28,1337
Snowdon Games,5,0.94,65.06,62
MadGamesmith,5,0.68,64.98,84
ESAT,5,0.0,64.97,162
Shindenken,5,2.29,64.96,98
Autotelic Games LLC,5,0.0,64.92,884
ismail ozel,5,1.82,64.69,65
Art Games Studio S.A.,5,2.15,64.6,527
Wojciech Krupinski,5,0.99,64.47,370
Dead Mage,5,8.15,64.44,23151
Meridian'93,5,4.83,64.32,354
Blue Entropy Studios,5,4.79,64.17,396
Project Anthem,5,1.0,64.04,32
Nano Games,5,8.79,64.01,208
Westwood Studios,5,0.0,63.86,83
Brandon Brizzi,5,3.79,63.59,491
Brian Macumber,5,3.59,63.59,67
Stefan Preuss,5,2.59,63.43,23
EagleEye Games,5,2.59,63.33,414
KADOKAWA CORPORATION,5,4.96,63.19,1767
Three Fields Entertainment,5,18.39,62.98,1115
familyplay,5,1.79,62.86,93
CrazyBunch,5,4.88,62.79,2654
Triverske,5,1.92,62.78,1188
FurGoldGames,5,2.99,62.55,147
Appeal Studios,5,5.23,62.52,3169
AneaGames,5,1.57,62.44,440
LLC Blini Games,5,3.85,62.25,1346
RosePortal Games,5,1.68,62.23,865
Jakub Klementewicz,5,4.39,62.22,153
DimleTeam,5,3.19,62.09,320
White Vortex Games,5,1.91,61.94,110
Bad Logic Studios,5,1.47,61.86,28
zebaxx,5,0.4,61.77,84
bumblebee,5,1.95,61.74,712
Arcade Distillery,5,11.99,61.53,113
WnMStudio,5,1.0,61.52,356
Hot Chill,5,0.99,61.2,301
Psychic Software,5,5.15,61.12,678
Dani Gas,5,1.63,61.04,76
Patagoniart,5,2.03,60.84,407
Rand.Exe Studios,5,3.99,60.7,107
Bulut ULU,5,4.54,60.69,807
Golden Dragon Studio,5,15.99,60.43,50
xe2050,5,1.59,60.4,55
PixelArtGames,5,2.49,60.39,25
Evil Twin Artworks,5,12.89,60.28,1327
PancakeGames,5,1.33,60.25,97
AHui.Game,5,2.09,60.0,12
Hayllon,5,0.33,60.0,10
chen youzhen,5,39.99,60.0,13
VRillAR,5,7.0,59.59,157
Orion Games,5,1.14,59.35,1520
Mutant Entertainment Studios,5,0.61,59.27,1780
Happy Max,5,1.69,59.24,481
VR-EXODUS,5,4.03,59.17,15
Ambiera,5,5.12,58.89,715
Old Eagle,5,0.88,58.89,22
Lost Astronaut Studios,5,2.99,58.57,35
Bellcat Game,5,5.59,58.55,122
PhantomHeadache,5,2.59,58.55,77
Keen Software House,5,8.79,58.5,142089
Yobowargames,5,6.25,58.47,248
Ivan Pichugin,5,0.99,58.46,31
Tim McArthur,5,7.74,58.15,76
Old School Games,5,1.43,58.0,20
Spilt Milk Studios Ltd,5,6.29,57.99,774
Geekon,5,5.67,57.96,1363
SoAsasProGames,5,54.99,57.87,208
RainySoft,5,2.19,57.85,912
Holitass,5,3.07,57.59,48
Larsonsoft,5,0.99,57.56,85
Luke Cripps,5,1.99,57.49,57
NEOLAVI,5,1.97,57.33,131
Red Fox Studios,5,1.99,57.26,631
Free Range Games,5,7.99,57.12,8583
ZaratustraGameDev,5,54.99,57.0,303
Eden Games,5,5.19,56.92,1708
Titan Deep Space Company,5,1.73,56.67,14
Nitro Games,5,2.12,56.16,597
Huochairen Interactive Entertainment,5,0.8,55.95,118
MAGITEC,5,9.54,55.95,15
Lucky Pikinini,5,0.8,55.8,58
Canalside Studios,5,6.39,55.53,58
Flugames,5,4.86,54.65,179
Digital Continue,5,8.99,54.26,630
Juvty Worlds,5,4.57,54.21,3609
Screaming Bee,5,17.99,54.04,800
Scary Creepy Pasta,5,10.99,53.97,51
Nimos Games,5,0.61,53.95,113
SP Digital Arts Inc.,5,2.78,53.73,570
U24 Solutions,5,10.99,53.52,64
TheDreik,5,0.99,52.52,190
Game Changers,5,0.0,52.38,21
Ignibit,5,8.39,52.2,284
New Reality Games,5,0.99,52.07,1005
StaplesVR,5,159.99,51.88,188
Pixel Bones Studio,5,2.32,51.83,52
Black Curtain Studio,5,1.77,51.13,269
X-MiGuPLAY,5,9.59,50.96,41
Gooners Game,5,1.49,50.83,34
14Dimension Enterprise,5,4.55,50.58,26
伊泽悦耳,5,0.99,50.5,33
Bacq Stellan,5,1.19,50.37,244
InScienceGames,5,5.39,50.0,2
Mindfly Studio,5,1.19,50.0,6
Nick Serebryanik,5,5.71,50.0,6
gentome,5,2.99,50.0,4
FunPlus International AG,5,0.0,48.75,80
Antonio Renna,5,0.87,48.71,1866
Rising Win Tech. CO.,5,10.79,48.41,95
RPG Video,5,0.99,48.28,945
Yann GEFFROTIN,5,0.0,48.12,196
NAD Games,5,54.99,47.8,208
Nicolas Bernard,5,0.93,47.54,811
Vicente Rosell Roig,5,1.79,47.21,197
明枭网络,5,5.99,46.99,709
木子工坊,5,2.08,46.98,210
Excalibur,5,1.59,45.99,2031
Breakthrough Gaming LLC,5,0.79,45.84,14
Lorag Games,5,4.79,44.94,250
UltimateDesktop,5,2.19,44.77,291
eiNpictures,5,1.29,44.47,37
Gamesare,5,2.19,44.36,114
Gus Jewell,5,1.2,44.14,692
CARNAGE PRODUCTION STUDIOS,5,1.19,43.75,7
Smartmove,5,1.79,43.6,91
EchoVerse Core,5,2.75,43.56,194
Tonye Amienyo,5,4.99,43.33,8
Game Development Alexander Lamers,5,2.79,43.01,60
Spritewrench,5,3.12,41.62,110
SomSmolGeims,5,54.99,40.53,107
White Dog Games,5,0.49,39.82,1065
ThroneLab,5,1.21,39.58,111
ELECTROSTALIN ENTERTAINMENT,5,0.97,39.54,389
HorseGames,5,1.94,38.78,582
Dodo Novels,5,3.59,38.63,17
LookForwardGames,5,54.99,38.0,111
wxm,5,4.59,38.0,12
Space Monkey International,5,0.82,36.59,335
DiamosDev,5,1.08,34.8,393
Red Phoenix Studios,5,1.79,34.22,82
Icehole Games,5,1.03,33.69,432
Kavorkaplay,5,1.81,33.53,74
Crazy Games,5,1.19,33.33,5
Actalogic,5,1.45,30.22,1857
Only Human Studios,5,2.59,28.12,63
GBROSSOFT,5,2.79,27.62,140
Sunflower Games,5,4.49,27.19,31
SIENTURE,5,4.09,27.08,13
CRX Entertainment Pte. Ltd.,5,3.19,25.0,4
LK Avalon,5,6.96,25.0,3
Flgaming,5,4.59,22.35,21
DarkEnergyStudio,5,54.99,19.0,104
ToddFeimanGames,5,54.99,18.6,107
Jim Dex,5,1.98,18.0,11
Revino Games,5,2.89,16.66,7
古德模型,5,7.79,5.0,10
Conceptual Cage,5,3.79,0.0,1
DeepRootsDevelop,5,54.99,0.0,5
GJ Arts,5,0.79,0.0,1
GrubItGames,5,54.99,0.0,1
Roley Games,5,8.19,0.0,1
StudioVR,5,11.31,0.0,2
TNT studio,5,54.99,0.0,2
TolaTolaGames,5,54.99,0.0,1
sdaj,5,42.99,0.0,1
Adolf Games,5,1.53,,0
BRB Drama,5,4.43,,0
Belgerum,5,3.63,,0
Berke Uruş,5,1.67,,0
CellStudios,5,1.69,,0
DuaWolf,5,3.85,,0
El Vagabundo,5,2.89,,0
Enygmage,5,1.79,,0
Evil Boobs Cult,5,1.49,,0
Flyin Kebab Studio,5,1.49,,0
Furry Dreams Lab,5,1.81,,0
GENIE,5,0.75,,0
GamesSafu,5,15.19,,0
INTERHEART glossy,5,4.09,,0
Juicy Peach Games 🍑,5,7.64,,0
KIBODO,5,3.89,,0
Kanoe,5,5.1,,0
Ketchup AjiNo Mayonnaise,5,15.59,,0
Kipukink,5,1.27,,0
LOVE&PEACE,5,0.99,,0
LocalJamStudio,5,54.99,,0
Modavuj Games,5,0.47,,0
NyakuGames,5,2.99,,0
ORCSOFT,5,9.93,,0
Riddik,5,54.99,,0
Rodrigo Piedras,5,4.43,,0
Saylor Games,5,1.3,,0
Slippery Snake Studios,5,2.09,,0
SuperWriter,5,6.49,,0
TBF,5,0.0,,0
The Poundry,5,3.26,,0
Titanium Armor,5,1.11,,0
TopHouse Studio,5,5.72,,0
TwistedScarlett60,5,8.01,,0
ViNovella Games,5,9.59,,0
deepglugs,5,5.1,,0
idiotideas,5,0.0,,0
8-Bit Productions,4,9.99,100.0,18
ADMI INC.,4,15.74,100.0,10
Albertus Prince Aexp,4,2.99,100.0,5
Ant secret,4,28.24,100.0,3
Artic Computing,4,3.74,100.0,3
Bgame,4,1.74,100.0,2
CalmDV,4,1.24,100.0,1
Cardinal Creek Studio,4,0.25,100.0,2
Chthonic Chrome Studio,4,8.57,100.0,10
Conor Hehr,4,0.75,100.0,5
Dark Shine Game Studio,4,0.25,100.0,4
Deep Water Depth Studios,4,2.99,100.0,1
Derin,4,2.74,100.0,30
Digital Dream Labs,4,9.24,100.0,4
DiracRipple,4,4.38,100.0,9
Doubleagames,4,1.72,100.0,5
Eyal Hazor,4,5.74,100.0,7
Feral Code Monkey,4,6.49,100.0,1
Fishagon LLC,4,3.39,100.0,11
Formula Fanboy,4,0.5,100.0,3
Hetocode,4,2.39,100.0,4
Hi-Develop,4,3.49,100.0,1
Hoverkitty Games,4,3.62,100.0,4
James Stringer,4,0.68,100.0,8
KIMJUIM,4,1.34,100.0,1
KUOKUO,4,1.01,100.0,18
Kiki Castella,4,3.74,100.0,48
Kitsu Games,4,0.49,100.0,6
Kristi Jimenez,4,1.22,100.0,7
LAGA,4,1.52,100.0,3
LEMIOUTGAMES,4,5.34,100.0,10
Loren Logic,4,2.99,100.0,2
Martin Edmaier,4,2.45,100.0,1
MasterHanzi,4,2.8,100.0,6
Nomary,4,1.7,100.0,57
OC Software Solutions,4,6.99,100.0,8
Ohsat Games,4,1.98,100.0,73
Outlaw Games,4,7.74,100.0,1
RUOK,4,1.49,100.0,6
Sami Kilani,4,0.92,100.0,22
Sisin Games,4,3.39,100.0,4
T.F.A.N.C.S.,4,3.43,100.0,15
Tony McKormack,4,8.49,100.0,3
VRANI inc.,4,17.99,100.0,26
Veibyn,4,3.08,100.0,11
WATU,4,0.0,100.0,1
YeShu  Wu,4,13.24,100.0,10
Zero,4,2.87,100.0,24
blain,4,6.49,100.0,2
shiftBacktick,4,1.25,100.0,19
あいあんそぉど,4,2.45,100.0,3
ときてっと,4,4.27,100.0,6
なんかいいね,4,5.39,100.0,3
ローゼンクロイツ,4,3.93,100.0,21
SeaPhoenix,4,2.63,99.56,164
Gilded Rune Games,4,9.24,99.19,63
Denny Truong,4,4.49,99.12,1513
sewohayami,4,5.37,98.89,91
yyrGames,4,2.75,98.85,35
Phil Fortier,4,0.74,98.66,282
scriptwelder,4,5.37,98.56,3429
Log Games Ltd,4,3.24,98.53,57
OTUSUN LAND,4,7.49,98.53,36
Little Studio,4,0.64,98.48,52
ENTERGRAM,4,8.38,98.44,512
NomnomNami,4,6.03,98.41,8931
AinkOink,4,1.48,98.28,35
Sun Labyrinth LLC,4,1.57,98.28,34
Rabid Troll Studios LLC,4,3.74,98.15,26
AlleyInn,4,1.79,98.04,31
President Studio,4,8.99,97.95,22018
FlashPoint Games,4,5.69,97.92,42
Reza Mirzaei,4,0.52,97.83,39
Solluco,4,2.18,97.83,191
Planetary Gears,4,0.89,97.81,174
Neutronized,4,2.62,97.73,72
The 25th Studio,4,0.99,97.73,51
insertdisc5,4,4.67,97.72,6923
BolHut,4,4.25,97.62,55
Firebelley,4,3.62,97.62,65
Cabbage Soft,4,19.74,97.4,1224
Gilligames,4,8.49,97.37,571
GoBit Games,4,3.62,97.2,1144
GameMixer,4,2.09,97.08,102
lemorion_1224,4,1.7,97.02,89
Afterburn,4,4.55,97.0,4415
etherane,4,1.79,96.96,5740
LCB Game Studio,4,3.29,96.87,420
青春18金魚,4,3.62,96.67,50
Heimo Game Studio,4,1.49,96.65,122
KAIJYU-09,4,14.5,96.64,2767
MONO ENTERTAINMENT,4,5.03,96.59,140
Super Walrus Games,4,3.75,96.57,135
Team9,4,14.87,96.57,10577
ST Sinovar,4,2.74,96.35,127
Devil's Cider Games,4,0.87,96.34,120
Peanut Button,4,5.24,96.31,211
Parables Games,4,1.19,96.25,67
Masayuki Ito,4,5.99,96.1,94
SnoutUp,4,0.74,96.08,18877
DOSMan Games,4,1.72,95.91,160
Noodletub Games,4,8.28,95.84,50
Joe Richardson,4,5.09,95.83,3165
M&SG Studio,4,2.74,95.83,12
Super16bits,4,1.98,95.83,15
Walaber Entertainment LLC,4,5.05,95.83,2488
yiotro,4,1.79,95.83,47
Marcos Game Dev,4,1.2,95.75,198
YarnCat Games,4,2.46,95.7,72
Jan Malitschek,4,7.49,95.69,1573
Terry Cavanagh,4,2.68,95.67,45936
Liao Kai,4,3.85,95.62,275
Adriaan de Jongh,4,6.02,95.56,9526
Dexter Manning,4,2.49,95.52,269
Orube Game Studio,4,4.37,95.51,1117
PiHoEntertainment,4,1.01,95.45,1670
RedefineArts.Inc,4,3.75,95.45,12
Talia bob Mair,4,4.5,95.45,7936
Sleeper Games,4,8.93,95.31,256
王韋,4,3.05,95.31,795
liangxiegame,4,1.49,95.3,99
GomPangGames,4,1.6,95.27,128
171Dev,4,5.24,95.24,31
Carlos Junio,4,0.85,95.24,143
terunon's Lab,4,12.89,95.21,121
Tim Kashani,4,3.24,95.2,365
Leafy Games,4,2.75,95.0,5665
Pixelteriyaki,4,3.37,95.0,23
ShangkoStudio,4,5.99,95.0,13
Splendortek,4,0.79,95.0,29
madosoft,4,17.11,94.82,2359
斜塔ソンブレロ,4,2.39,94.76,70
Doubles Core,4,8.24,94.75,700
Lached Up Games,4,18.61,94.75,189
Team Reptile,4,22.24,94.72,26976
Vertex Pop,4,4.59,94.72,295
No Strike,4,4.37,94.7,2719
Wishes Ultd.,4,10.3,94.65,8801
Firedog Creative Company Limited,4,20.0,94.6,140
KaiserGames,4,0.72,94.6,79
Sad Mask Party,4,2.89,94.57,199
Axel Born,4,2.49,94.45,86
MisteryJay89,4,1.25,94.37,46
Devon Wiersma,4,5.62,94.32,171
Captain Games,4,2.8,94.27,2049
Clifftop Games,4,5.43,94.2,6847
Emerick Gibson,4,1.99,94.2,85
ASa Project,4,16.52,94.19,649
Kayla.Z,4,2.1,94.19,172
Epic Banana Games LLC,4,1.12,94.16,131
Naoka Studio,4,0.67,94.13,189
SFB Games,4,4.09,94.13,14914
2D_猫,4,0.99,94.05,74
A Memory of Eternity,4,5.82,94.05,49
Simogo,4,10.62,94.04,12615
Infinite State Games,4,1.99,93.91,159
Kygua Tech,4,3.32,93.85,439
Team Ladybug,4,10.31,93.84,22641
Artificer Creator,4,1.52,93.75,8
Poema Games,4,4.49,93.75,14
Rogerty,4,1.99,93.75,19
Dark Light Studio,4,3.13,93.72,44
ALICE IN DISSONANCE,4,6.63,93.7,6782
WANZUNGDEV,4,2.5,93.69,79
stage-nana,4,2.89,93.67,6038
Ian MacLarty,4,1.34,93.63,1942
Onyx Lute,4,1.74,93.61,10542
Remnants of mosaic,4,3.49,93.61,82
Dr. Puzzler,4,0.0,93.56,57
James Smart,4,3.5,93.53,46
GIGA,4,18.9,93.52,1720
Hazelight Studios,4,12.12,93.49,382403
The Gentlebros,4,6.33,93.47,18876
Misc.261,4,0.99,93.41,98
SOLIDS Studio,4,3.12,93.41,104
TGM,4,4.74,93.38,109
Zarfhome Software,4,10.49,93.37,63
Ska Studios,4,2.37,93.36,24604
Pico Games,4,4.89,93.35,473
Tidvis Games,4,1.4,93.34,32
Zemon,4,3.52,93.34,23
Bundem Games,4,5.49,93.33,20
Kofi-S,4,0.99,93.33,105
Feperd Games,4,7.24,93.29,4094
YellowDuckWorks,4,6.49,93.21,2869
Hero Game Co LLC,4,6.14,93.2,355
Hopoo Games,4,7.49,93.19,376451
Fiction Factory Games,4,3.99,93.16,867
Berzerk Studio,4,6.52,93.08,25997
COWCAT,4,2.75,93.06,1793
Hexes of War,4,6.49,92.99,80
Serio Studio,4,1.34,92.99,127
Dry Cactus,4,2.99,92.93,27854
Harvester Games,4,3.59,92.9,9618
Rokas,4,2.93,92.78,118
George Alexandros,4,3.25,92.68,41
Finite Reflection Studios,4,7.02,92.67,435
feng,4,9.62,92.62,293
BWI Games,4,5.99,92.59,14
2.21,4,7.79,92.58,2064
Looking Glass Studios,4,1.59,92.56,8086
Siddharth Sivaraman,4,0.0,92.56,94
LUDO Thinking,4,3.85,92.38,72
2ndBoss,4,3.24,92.34,400
Blobfish,4,5.24,92.34,98589
Nothing Rhymes With Entertainment,4,1.88,92.31,18
Abdulla Hassan Al-Farsi,4,2.44,92.3,69
Dave Seaman,4,1.04,92.23,55
Sbug Games,4,7.02,92.22,13944
VHornet Games,4,2.99,92.16,22
MIYAKOpubl,4,1.25,92.15,127
TOMAGameStudio,4,4.24,92.06,52
ThePenSword,4,1.5,92.02,254
Ian C Pook,4,4.49,91.95,102
Alexander Clark,4,0.2,91.92,132
Pillow Fight,4,1.57,91.9,1987
the Seas,4,28.24,91.88,28
Eternal Night Studios,4,3.75,91.86,3970
alienmelon,4,0.26,91.85,148
Watercress,4,0.0,91.84,527
二色幽紫蝶,4,3.05,91.83,31410
Congo Jungle Games,4,0.25,91.82,372
Rafael García,4,2.69,91.7,129
Blue Slayer Gaming,4,0.67,91.67,8
Cartboard Games,4,3.77,91.66,1235
Dincicode,4,4.49,91.66,9
FreezyCat,4,0.66,91.6,1629
TaleWorlds Entertainment,4,8.74,91.5,450802
Ômega Games,4,1.15,91.46,78
Young Horses: Free Range,4,0.0,91.38,116
Burgee Media,4,4.78,91.37,1040
increpare games,4,3.05,91.36,2279
Predict Edumedia,4,3.0,91.3,23
Final Screw,4,1.49,91.28,393
KigyoDev,4,0.62,91.28,1090
SkyOne Studios,4,1.24,91.26,83
Black Pants Studio,4,2.29,91.14,5252
BATOVI Games,4,4.87,91.13,972
Caravel Games,4,9.05,91.12,263
Moon Studios GmbH,4,10.12,91.1,311614
Deadpixel,4,4.96,91.09,261
Bean Boy Games,4,0.0,91.08,334
Studio Amateur,4,3.74,91.05,4471
Vector Unit,4,2.84,90.98,1610
Spytihněv,4,3.08,90.92,5956
Oleg Skutte,4,5.74,90.87,18340
Evil Objective,4,2.06,90.81,183
4A Games,4,3.24,90.65,302378
Shiv,4,1.26,90.64,980
Pikku-a,4,1.79,90.57,32
What Pumpkin Games,4,1.79,90.57,7812
GHXYK2,4,3.13,90.52,54
Spicy Tails,4,7.37,90.49,1562
Alicesoft,4,10.71,90.48,63
Normogames,4,1.87,90.48,21
sakevisual,4,13.49,90.45,328
Cutlass Boardgames,4,0.5,90.36,161
Chute Apps,4,5.24,90.35,219
Sad Panda Studios,4,7.25,90.22,35915
Yangyang Mobile,4,7.27,90.2,3901
Kujirabo。,4,10.71,90.15,939
Mechabit,4,5.17,90.15,171
LizardWish,4,7.12,90.09,181
WildTangent,4,3.99,90.04,5584
Entalto Studios,4,4.72,90.0,8
Ill-Fated Studios,4,2.65,90.0,11
Psyop,4,1.0,90.0,18914
T_T Games,4,3.99,90.0,17
Storyan teaM,4,0.88,89.95,73
LetMeowt Games LLC,4,6.77,89.94,244
Company Not Found,4,0.67,89.93,74
DreadXP,4,2.77,89.89,1746
Portponky,4,3.62,89.88,591
Qute,4,3.24,89.87,713
Tora Creatives,4,5.04,89.8,49
GIFT TEN INDUSTRY K.K.,4,7.02,89.77,171
Asteroid Game Studio,4,4.52,89.72,5193
Toster12D3,4,6.49,89.67,93
Fantasia Studio,4,2.02,89.63,606
Fluffy Lotus,4,1.89,89.62,83
Northway Games,4,6.49,89.62,6232
Supra Games,4,8.92,89.61,19890
Adam Travers,4,1.59,89.6,938
Philips P.O.V. Entertainment Group,4,5.44,89.58,34
Wampee,4,1.24,89.58,27
Morningstar Studios,4,0.0,89.57,45
Uri Games,4,1.49,89.56,1858
YETU GAME,4,4.37,89.56,9795
Salmi Games,4,7.49,89.53,538
Asobism.Co.,4,13.29,89.5,2270
VRotein,4,12.74,89.49,79
Circus,4,9.49,89.45,338
Del_Player,4,0.89,89.45,57
Black Eyed Priest,4,8.84,89.42,2547
Ogre Pixel,4,6.62,89.41,678
rainstory.games,4,4.24,89.39,21
TOKYOTOON,4,5.99,89.37,7693
MaxEstLa,4,4.64,89.36,4698
SkyGoblin,4,6.49,89.34,2392
Brinemedia,4,4.24,89.32,433
Retrotainment Games,4,5.49,89.31,125
KDream,4,4.23,89.28,1203
VAINSANE,4,1.79,89.28,37
Calappa Games,4,5.67,89.25,1955
Platonic Partnership,4,3.12,89.25,740
Benjamin Soulé,4,9.49,89.22,284
Io-Interactive A/S,4,1.19,89.17,77023
OVERDRIVE,4,12.43,89.17,3372
RE Atelier,4,3.89,89.17,169
Messhof,4,6.21,89.16,9243
Sam Atlas,4,3.71,89.13,225
Sørb,4,3.54,89.02,555
Somepx,4,1.51,89.0,195
FussyCraft,4,0.41,88.89,22
Geniesoft Inc.,4,11.19,88.89,78
KlankeKlanke,4,0.99,88.89,5
Scott H.F. Dunbar,4,1.24,88.89,31
Cleardot Games,4,1.07,88.88,122
Charm Games,4,4.6,88.84,1231
AutomaticGrasshopper,4,0.76,88.82,30
Love Conquers All Games,4,5.62,88.81,3499
Jackson Clayton,4,3.12,88.8,71
thugzilladev,4,1.61,88.69,513
Clever Simulation Entertainment,4,0.0,88.64,44
Rolling Cat Studio,4,4.24,88.55,252
Visual Light,4,8.87,88.46,79
Dingo Games,4,4.37,88.45,1851
7DOTS,4,1.9,88.44,118
Crows Crows Crows,4,5.5,88.41,43804
Seacoxx,4,4.83,88.38,394
Klace,4,4.99,88.36,1403
Jundroo,4,4.45,88.32,14140
Monster Games,4,9.99,88.32,746
Redbeak Games,4,2.64,88.23,967
Mandinga,4,1.49,88.19,170
SKY HOUR WORKS,4,0.4,88.19,741
SIGONO INC.,4,6.87,88.12,12175
Ouch Giver Games,4,3.3,88.11,55
Sprite Hills,4,4.99,88.11,704
Animalle Studio,4,0.69,88.03,129
Hough Studio,4,5.24,88.0,1391
Fatbot Games,4,6.12,87.85,1362
オートリ電子,4,5.69,87.84,245
Cococucumber,4,9.55,87.83,800
零创游戏(ZerocreationGame),4,6.62,87.7,60017
埋月山枯,4,2.8,87.67,757
Hip Soft,4,9.99,87.59,147
Infinite Dreams,4,8.43,87.58,4596
PATRONES & ESCONDITES,4,5.3,87.57,175
Maxis,4,10.62,87.53,171447
BluSkie,4,0.99,87.5,8
Ninth Games Co.,4,1.25,87.5,40
Northern Amusements,4,3.49,87.5,14
cosmic_dust,4,0.69,87.5,11
Sophie Houlden,4,1.99,87.49,214
Three River Games (3RG),4,4.49,87.49,166
XD Games Studio,4,0.99,87.47,95
N4bA,4,2.79,87.44,5496
Running With Scissors,4,3.01,87.42,145665
Hyper Games,4,4.74,87.34,3511
Playful Corp.,4,4.74,87.34,32360
diedemor studio,4,8.74,87.31,83
Prisma Games L.L.C.,4,0.62,87.3,963
Brimstone,4,7.39,87.28,421
TIKIPOD,4,2.69,87.28,682
Clock Out Games,4,3.87,87.25,58
Baba Yaga Games,4,1.92,87.1,1644
PlayToday,4,5.06,87.08,348
Squiddershins,4,1.2,87.05,887
BrownDogGames,4,0.99,87.04,20
Allegorithmic,4,0.0,87.03,556
CC ARTS,4,1.99,86.99,2094
Sos Sosowski,4,1.31,86.99,5540
Capybara Games,4,6.69,86.95,2861
Zanardi and Liza,4,3.92,86.95,1133
GooDCrafter,4,2.74,86.89,155
Lilou Studio,4,2.34,86.89,710
Pyrozen,4,5.02,86.88,178
Little Chicken Game Company,4,5.74,86.86,838
Monster Couch,4,6.84,86.86,10946
SmallSqurriel,4,6.74,86.84,76
The Indie Accord,4,2.49,86.84,30
Aggroblakh,4,3.89,86.74,211
Team17,4,3.99,86.71,58284
Activision,4,3.89,86.69,330
Zach Tsiakalis-Brown,4,7.24,86.67,4204
YCJY Games,4,4.99,86.65,14807
Team Monumental,4,2.74,86.64,448
threeW,4,6.58,86.64,653
Rocket Boy Games,4,5.34,86.63,508
Titus Interactive,4,7.87,86.63,109
Post Mortem Pixels,4,2.24,86.61,601
ZGameStudio,4,0.94,86.6,77
Vector Hat,4,2.87,86.56,108
Kinto Games LLC,4,1.02,86.47,2589
MaskCatStudio,4,1.19,86.43,79
Greewook Studio,4,0.74,86.42,113
Synnergy Circle Games,4,1.31,86.41,297
Unhexigon,4,1.5,86.4,167
Moonlit Works,4,1.25,86.38,8927
Cozy Game Pals,4,2.74,86.23,826
UPLAY Basketball,4,8.74,86.23,407
9FingerGames,4,4.64,86.21,4513
IndigoBlue Game Studio,4,1.19,86.21,206
Undercoders,4,2.56,86.16,305
Blekoh,4,0.0,86.15,82
Party for Introverts,4,4.25,86.15,1218
Edym Pixels,4,6.75,86.12,2071
OutOfTheBit Ltd,4,3.09,86.02,538
ATTACK MOUNTAIN,4,3.74,86.0,73
Spry Fox LLC,4,8.74,85.89,1513
Big Way Games,4,1.42,85.8,1872
Digital Sun,4,14.36,85.75,26026
Edwin Montgomery,4,0.51,85.72,1166
Thought Generation Society,4,0.0,85.71,7
Kimmo Lahtinen,4,6.49,85.63,184
Fifth Edge Studios,4,2.75,85.61,36
Adventurer's Tavern,4,4.62,85.58,1206
LuGus Studios,4,7.73,85.57,12327
Retrific,4,2.3,85.56,2100
1CC Games,4,2.42,85.54,183
Lemondo Games,4,5.24,85.51,2124
Trinity Team,4,6.99,85.5,4880
JoyMasher,4,5.05,85.48,4466
Apogee Software,4,0.89,85.47,655
Room Games,4,5.14,85.41,333
Edelweiss,4,7.54,85.4,8384
MEOW STORE GAME,4,4.79,85.4,219
BumpkinBrothers,4,5.24,85.39,2143
Arcus Plume,4,2.62,85.35,41
Game Sage Productions,4,2.24,85.32,65
Mountain and Sea Studio,4,7.96,85.32,1317
Ells&Pills,4,1.49,85.3,296
13AM Games,4,14.12,85.25,380
Storytale,4,6.49,85.25,671
CakeNeq Games,4,2.69,85.23,27
Kether Studio,4,1.77,85.2,286
Yobob,4,3.44,85.18,454
keron veal,4,0.49,85.15,1516
cream,4,3.29,85.14,921
NEOWIZ,4,11.49,85.13,82861
hublab,4,0.62,85.13,126
Mission Critical Studios,4,6.24,85.09,123
Stainless Games Ltd,4,2.31,85.04,5120
Fictiorama Studios,4,4.99,85.03,13994
MingCang Studio,4,3.37,85.03,138
Reverse Impact,4,5.99,85.02,210
NSC Creative,4,3.75,85.01,182
Joel Kivelä,4,12.14,85.0,162
Sekushi Usagi Games,4,0.99,85.0,34
bilge,4,3.31,85.0,913
Silver Eye Studios,4,1.45,84.88,248
灰烬天国,4,4.99,84.88,1722
Windward_Birds,4,0.85,84.84,383
Monstrum,4,3.93,84.82,856
Moonroof Studios,4,4.74,84.81,115
Iron Boar Labs Ltd.,4,4.39,84.79,150
NewOrderFantasySimulations,4,2.0,84.79,64
Mash Games,4,8.74,84.78,8699
Stoic,4,6.55,84.75,22795
Addictive 247 Games,4,3.99,84.72,19
Castle Pixel,4,6.43,84.68,1250
Achimphang Studio,4,2.61,84.63,135
Yamoto,4,1.71,84.62,491
Zoink Games,4,1.13,84.62,1588
SKIPMORE,4,8.12,84.61,711
Eerie Guest,4,2.5,84.6,11263
Koto Games,4,3.54,84.59,76
Dark One!,4,5.99,84.54,1324
HappyGames,4,2.24,84.5,2203
Manuel Schenk Games,4,3.99,84.5,81
626 Interactive,4,1.24,84.49,87
Phaser Lock Interactive,4,13.74,84.49,971
MGP Studios,4,2.92,84.46,1184
WinterSpring Games,4,8.87,84.44,3980
Cipher Prime Studios,4,3.39,84.43,1490
Fullmetal Developer,4,9.99,84.39,219
ArcWillow,4,0.84,84.36,70
Owlskip Enterprises,4,2.04,84.32,170
YEARS,4,1.93,84.32,3034
Abbey Games,4,9.99,84.26,11681
JacksonG13,4,1.04,84.19,485
Orbi Universo Team,4,5.51,84.18,277
SmoochGM,4,2.99,84.15,259
SIXNAILS,4,1.19,84.14,81
LEAP Game Studios,4,6.87,84.11,1825
Chaos Group Games,4,0.0,84.03,149
FK Digital,4,3.99,83.95,429
Final Game Studio,4,4.24,83.95,57
Alice & Smith,4,8.74,83.92,3302
Scythe Dev Team,4,5.87,83.92,1742
e-sheep,4,2.66,83.88,199
ClickGames,4,4.99,83.78,411
System 3,4,15.24,83.76,1512
Çınar's Art,4,2.47,83.73,53
KIMYS STUDIO,4,2.87,83.66,33
Osaris Games,4,3.88,83.66,1780
Kaan Özgül,4,1.68,83.65,42
RuneStorm,4,1.88,83.64,32601
Adi Zhavo,4,0.75,83.63,5113
SimBin Studios AB,4,4.49,83.63,777
Sebasa Games,4,1.24,83.61,3035
Antler Interactive,4,12.24,83.59,250
Arrowhead Game Studios,4,10.37,83.56,1090403
Undying Joy,4,1.61,83.55,45
@TonyDevGame,4,3.64,83.53,278
Sleepwalking Potatoes,4,2.37,83.53,244
Wilkin Games,4,0.0,83.51,285
THE BROTHERHOOD,4,4.09,83.5,6989
DreamStep,4,4.14,83.49,1171
Hunt Games,4,2.93,83.48,114
AtomTeam,4,8.87,83.47,15297
Mobirate,4,1.42,83.43,285
Achpile,4,0.0,83.41,174
Half Past Yellow,4,2.87,83.41,386
Red Dot Games,4,2.99,83.39,96064
Kraken Ink.,4,2.37,83.38,85
B.B.B.Games,4,0.97,83.34,13
Horrawr,4,2.18,83.34,63
Infiniti Sound Imagery Studios,4,24.99,83.34,4
NO_BUFF,4,2.99,83.34,20
Sleepless Inc.,4,2.49,83.34,18
Sunny Demeanor Games,4,8.49,83.34,7
Jesse Aidyn,4,0.0,83.33,6
Meyer Games,4,2.57,83.33,15
Raithen,4,1.99,83.33,5
Stunlock Studios,4,3.94,83.33,188681
James K. Isaac,4,2.25,83.28,79
DascuMaru,4,2.58,83.26,221
Orbit Studio,4,5.09,83.23,361
Jutsu Games,4,8.24,83.22,39357
MoaCube,4,6.89,83.2,1023
Great Idea Games,4,1.84,83.18,55
IO Interactive A/S,4,0.95,83.13,80981
MalumGames,4,2.62,83.11,592
Prime Games,4,3.46,83.1,592
White Owls Inc.,4,11.24,83.09,1637
Terror Dog Studio,4,3.87,83.05,3754
Heart Machine,4,16.89,83.03,22521
石家庄龙游科技有限公司,4,9.99,83.03,13
KG/AM,4,2.18,83.0,100
Julian Edison,4,9.74,82.99,604
FoxSox Games,4,1.99,82.97,413
J.Bowman,4,5.24,82.95,1501
NIK Studios,4,2.34,82.92,61
Rogue Snail,4,5.87,82.92,8011
幻想理戈游戏开发工作室,4,3.34,82.92,70
Cordelia Games,4,4.3,82.9,831
Unwonted Studios,4,0.62,82.89,2293
Mazen Games,4,0.71,82.87,1787
S.C. 16 BIT NIGHTS S.R.L.,4,4.87,82.86,2075
undownsidable,4,1.49,82.75,218
Apus Software,4,2.12,82.65,787
Crimsonite Games,4,2.72,82.6,734
Glitchr Studio,4,2.35,82.6,118
Blackthornprod,4,6.99,82.57,247
MrBoscheinen,4,1.56,82.56,61
Aeternum Game Studios S.L,4,3.99,82.55,2329
Logic Artists,4,8.43,82.53,11845
Brave Rock Games,4,1.52,82.5,9
CodingApe Games,4,4.99,82.5,22
Nemesys Games,4,5.74,82.5,1834
BeautiFun Games,4,2.84,82.49,3112
Gambrinous,4,4.99,82.48,2811
Dischan Media,4,6.49,82.42,1666
CatgirlLydia,4,0.5,82.4,116
ARTIFACTS,4,6.05,82.39,164
Stratera Games,4,2.79,82.34,2787
Wallace Lovecraft,4,2.56,82.31,157
SERIALGAMES Inc.,4,4.51,82.24,34
Compulsion Games,4,12.37,82.23,21344
Catness Game Studios,4,4.99,82.17,144
Bandai Namco Forge Digitals Inc.,4,32.54,82.14,6599
Blue Palm Studio,4,1.79,82.14,24
Michael Todd Games,4,6.99,82.14,4603
Nikolaj Piet Pagh,4,4.6,82.14,29
Gamecraft Studios,4,2.99,82.12,1593
Razzart Visual,4,8.49,82.07,3094
Emilios Manolidis,4,2.46,82.06,599
Studio Clangore,4,4.32,82.06,387
Roman,4,6.64,82.02,121
Game Cooks,4,6.74,82.0,144
Mario von Rickenbach,4,1.73,81.97,6983
Snail-Ninja Studio,4,1.67,81.97,1140
Best Way,4,3.37,81.92,11837
TREBUCHET,4,7.62,81.9,1022
SHIBO GAMES,4,0.99,81.83,98
Still Running,4,2.69,81.83,2855
Cyphen Productions,4,0.0,81.82,11
Your Infamous Harp,4,0.0,81.82,11
Uruca Game Studio,4,2.74,81.75,147
TWEN,4,0.89,81.7,450
Lucas Molina,4,1.94,81.69,701
One Man Left Studios,4,3.93,81.68,310
Uppercut Games Pty Ltd,4,17.99,81.67,6461
Wise Wizard Games,4,0.0,81.65,2206
People Can Fly,4,8.49,81.64,71056
OLKON GAMES,4,2.77,81.48,108
The-Mark Entertainment,4,3.54,81.46,593
DGMA,4,3.44,81.41,133
MyACG Studio,4,2.67,81.34,8825
Wolf & Wood Interactive Ltd,4,7.49,81.27,1272
Gray Wolf Interactive,4,0.8,81.25,14
Starpixel Studios,4,5.22,81.25,193
VidyGames,4,1.83,81.18,241
Haruko Games,4,0.0,81.17,18
Platine Dispositif,4,0.0,81.12,868
droqen,4,8.99,81.06,652
Majao Games,4,2.96,81.01,43
Aiaz Marx,4,1.2,80.9,139
Growing Seeds,4,10.96,80.89,386
HYDE,4,13.66,80.84,5413
Perspektik,4,2.79,80.84,783
baron sengia,4,5.99,80.79,394
Aeterna Ludi,4,2.81,80.78,960
Chronospace,4,0.0,80.78,614
Escu:de,4,11.86,80.78,224
Skydome Studios,4,5.99,80.76,103
Owned by Gravity,4,10.97,80.72,3671
SunRay Games,4,2.09,80.72,138
AFOG,4,0.86,80.7,8281
Enitvare,4,4.99,80.67,1016
Axel Sonic,4,0.45,80.64,657
Impromptu Games,4,10.24,80.6,355
Byzantine Games,4,9.89,80.56,2198
Hunt Studio,4,2.87,80.56,83
Goosix Games,4,1.36,80.48,3464
Tasharen Entertainment Inc.,4,5.62,80.47,4376
Spearhead Games,4,9.24,80.39,9607
Turtle game,4,1.74,80.38,707
Zeros,4,2.68,80.38,226
Atooi,4,2.62,80.36,1465
QuadraTron Games,4,0.87,80.35,32
Bad Vices Games,4,2.27,80.22,10353
Hello Games,4,7.11,80.22,368160
FlapBox Studios,4,0.9,80.21,19
Beni Games,4,2.33,80.18,100
WoksOnStudios,4,2.39,80.18,58
ZV GAMES,4,3.84,80.12,116
AJB GAMES STUDIO,4,4.05,80.07,189
Seemingly Pointless,4,5.0,80.06,272
Sunday's Games,4,0.56,80.04,536
Alejandro Ibrahim Ojea,4,2.81,80.0,36
Solsgames,4,0.37,80.0,5
绝汪,4,3.38,80.0,1642
VROOM,4,7.99,79.84,82
Lingon Studios,4,3.17,79.83,479
One More Level,4,5.18,79.83,74104
Chewa,4,2.44,79.73,1081
Fermenter Games,4,3.79,79.67,879
ASTXRIAL Works,4,3.24,79.63,1089
Fleon Games,4,7.74,79.61,736
Sonalysts,4,2.24,79.6,1169
CBC Games,4,1.25,79.59,232
Simuverse Interactive,4,15.36,79.58,3325
Gattorocco,4,3.12,79.39,41
Pill Bug Interactive,4,1.24,79.37,257
Gua,4,4.21,79.36,4174
LRDGames,4,5.14,79.35,1174
Galvanic Games,4,5.18,79.33,5049
Top Right Corner,4,8.49,79.33,754
Vovoid Media Technologies AB,4,9.99,79.32,529
Airship Syndicate,4,7.49,79.31,55038
Akumu Games,4,2.49,79.28,36
Sirlin Games,4,4.74,79.28,2359
Vacantknight5,4,0.49,79.28,33
Live3D,4,0.0,79.22,1200
Sinkhole Studio,4,5.14,79.18,1220
Dogwood Gaming,4,5.24,79.17,23
68k Studios,4,3.23,79.06,236
Oh Baby Games,4,2.5,79.03,217
Jeremy Fischer,4,0.5,78.9,227
Reb_Orn,4,1.79,78.9,196
Dreamlike,4,1.49,78.88,120
Innervoid Interactive,4,4.64,78.83,1899
Mystael studio,4,1.11,78.75,342
ZoopTEK,4,6.99,78.75,102
Buff Studio,4,2.47,78.74,511
Pocketpair,4,12.24,78.72,404619
lonch.me,4,5.49,78.7,74
自転車創業,4,15.39,78.69,60
WASD Games,4,6.39,78.64,359
Psycho,4,1.9,78.59,104
BitCake Studio,4,8.99,78.5,1747
Molegato,4,5.62,78.47,715
Kitfox Games,4,2.99,78.46,8866
Jerome Labelle,4,3.37,78.43,101
Ishtar Games,4,5.38,78.42,14897
Crazy Goat Games,4,8.18,78.41,1738
Myroid-Type Comics,4,1.74,78.41,92
Bigboot Studios,4,4.28,78.35,530
Far Mills,4,1.5,78.33,808
State of Play,4,6.79,78.29,4456
K Bros Games,4,2.99,78.25,5789
MuHa Games,4,13.24,78.22,7091
Space Wedgie,4,1.74,78.21,759
Hasoyua,4,7.95,78.2,878
Doctor Entertainment AB,4,2.5,78.18,26066
UnholY CreatioN,4,7.62,78.18,362
RocketWerkz,4,8.35,78.13,54966
Xenon Lu,4,1.34,78.1,56
Millwoo Studio,4,2.29,78.09,43
Game Mechanics LLC,4,0.99,78.02,3366
LuminatiGames,4,1.96,78.0,100
Носков Сергей,4,5.62,78.0,6200
LiLith,4,0.0,77.99,19337
Jolly Crouton Media Ltd.,4,4.24,77.92,53
Robot Invader,4,4.04,77.89,735
K App.,4,1.49,77.85,168
Other Ocean Interactive,4,9.87,77.85,23773
Toyman Interactive,4,1.69,77.85,211
Ponywolf,4,1.87,77.84,164
Darkphobia Games,4,2.93,77.83,2147
Digital Cybercherries,4,11.6,77.81,9421
Joi Max,4,7.42,77.78,55
Mars On Fire,4,2.77,77.78,8
Bull Games,4,3.66,77.74,322
A2 Softworks,4,4.5,77.73,1661
Private Moon Studios,4,0.99,77.73,259
Pixel Cattle Games,4,2.49,77.67,1021
Kebabos,4,1.74,77.66,46
toR Studio,4,9.32,77.65,207
Torn Banner Studios,4,12.62,77.63,128921
Epopeia Games,4,5.74,77.61,47
曲波,4,6.27,77.53,434
Hitbear Studio,4,4.99,77.41,498
MISHRA GAMES,4,6.44,77.41,28
One Up Plus,4,3.19,77.41,381
Wargaming Group Limited,4,0.0,77.41,387655
Flat Voxel,4,0.74,77.35,40
Bluespy Studios,4,2.44,77.33,722
Rockstar North,4,6.12,77.32,2228709
3 Sprockets,4,6.74,77.31,2117
Massive Damage,4,4.55,77.31,5342
OMNIDREAM CREATIONS,4,0.96,77.25,320
Epitaph Games,4,0.0,77.22,25
Locked Door Puzzle,4,1.31,77.17,2195
Cats Who Play,4,1.52,77.15,6666
SFS Studios,4,5.24,77.13,91
AnaWiki Games,4,5.19,77.09,25
axilirate,4,1.85,77.08,3702
Man-Eater Games,4,6.02,77.06,110
Pieces Interactive,4,5.43,77.04,17249
Honor Games,4,9.71,77.03,1737
Circle Poison,4,8.8,77.02,1977
Crypton Future Media,4,14.91,76.98,1807
Graven Visual Novels,4,2.12,76.98,136
Highwalls,4,3.49,76.93,193
AFTERTIME.INC,4,7.82,76.92,15
Pastagames,4,1.18,76.9,1989
NostraDamon,4,5.74,76.85,264
SSP Games,4,1.17,76.85,117
Daniel da Silva,4,2.04,76.78,18
Planescape Game Studio,4,0.82,76.78,694
Glass Knuckle Games,4,2.8,76.77,323
VDO Games,4,1.54,76.77,878
Broken Rules,4,2.6,76.76,6235
TrerPlay,4,0.8,76.74,814
CashcowGames,4,2.81,76.67,231
Acetate123,4,0.0,76.66,30
BluSped,4,3.87,76.62,25
Richard Haraším,4,3.71,76.59,136
Asakiyumemishi,4,6.95,76.56,537
DGV-Games,4,4.08,76.55,68
Blue Isle Studios,4,4.74,76.51,21858
Triomatica Games,4,3.04,76.48,315
NewGen,4,2.07,76.41,2234
GidAzGames,4,0.73,76.4,2052
dvdvideomedia,4,0.0,76.39,26
Arrowiz,4,4.3,76.36,2230
Sonic Powered Co.,4,20.79,76.32,205
WINGED SAKURA GAMES,4,2.49,76.31,328
Alex VR,4,6.74,76.3,20
AGL studios,4,5.54,76.25,80
URUS GAMES,4,1.31,76.24,171
Herrero Games,4,2.24,76.23,392
Campus Cámara de Sevilla - Centro FP Superior,4,0.0,76.19,21
Cascadia Games,4,4.74,76.19,56
Split Light Studio,4,5.74,76.19,704
Cybernetic Walrus,4,7.47,76.16,1188
Endless Void Studios,4,0.5,76.14,161
Nauris Amatnieks,4,0.84,76.14,441
Rmonak,4,2.62,76.07,20
香港商河洛互動娛樂股份有限公司,4,17.87,76.06,52658
Walnut LLC,4,2.18,76.02,7337
Baked Games,4,4.49,75.97,5235
Desert Owl Games LLC,4,1.25,75.97,1404
Ravinia,4,0.0,75.92,245
Threaks,4,4.96,75.89,1366
MojoTouch,4,5.54,75.87,480
Pixel After Pixel,4,10.74,75.87,22
xrrawva,4,1.25,75.84,323
J. C. SpringBourne,4,2.87,75.63,35
DuCats Games Studio,4,2.35,75.59,586
Loot Inside,4,17.49,75.56,87
MonsterAttack,4,2.52,75.52,1107
Crater Studios,4,7.04,75.5,3185
D'Avekki Studios Ltd,4,5.82,75.5,2673
GuraShop,4,11.99,75.49,250
Manic Mice,4,3.89,75.41,13352
Surreal Games,4,2.24,75.39,107
DigitalDream,4,1.24,75.38,1444
Raw Lion Workshop,4,7.99,75.29,1781
Nyxtales,4,4.99,75.27,274
Artogon,4,3.74,75.24,458
Boomfire Games,4,4.37,75.24,187
MoeGame,4,2.1,75.17,2656
BancyCo,4,4.3,75.09,1921
Synetic GmbH,4,3.55,75.04,405
RVL Games,4,2.44,75.02,1223
Fabio Cecchini,4,4.74,75.0,5
Jacob Stetka,4,1.62,75.0,3
Mischief & Mayhem Studios,4,6.37,75.0,5
Pixel Harmony Studio,4,4.74,75.0,3
Predrag Lazic,4,2.74,75.0,9
Two Thousand and one entertainment studios,4,3.75,75.0,13
LodisGame,4,0.49,74.98,136
R_Games,4,3.12,74.95,505
Right Games,4,0.94,74.91,53
Empty Clip Studios,4,5.37,74.88,2236
AVE Team,4,3.35,74.87,152
David Montesi Rivas,4,0.5,74.85,32
Elite Lords Studios,4,2.02,74.82,413
Napoleon Games,4,2.95,74.81,197
Skeleton Crew Studio,4,6.99,74.75,1075
Eutechnyx,4,2.62,74.71,4204
Stapleton,4,3.35,74.63,99
Snap Finger Click,4,12.49,74.61,393
Starwind Games,4,1.29,74.52,286
Up Multimedia,4,6.24,74.45,203
Woblyware,4,2.59,74.41,587
Tobop Productions,4,1.99,74.4,27
SHADE Inc.,4,14.49,74.3,2003
Matt Lloyd,4,0.0,74.29,19
Kiro Games,4,0.64,74.27,41
AIVIK LLC,4,3.99,74.24,522
ForeVR Games Inc,4,9.99,74.24,57
Sushi_soft,4,4.65,74.24,1017
Ubisoft Paris,4,4.62,74.23,134754
1C Game Studios,4,6.25,74.19,12335
SomaSim,4,8.43,74.19,6415
Tybug Studios,4,8.24,74.17,16
Ronimo Games,4,5.29,74.16,29299
URSE Games,4,1.24,74.16,705
Atypical Games,4,9.99,74.13,2567
Dosane Games,4,2.74,74.12,699
Sicarius,4,1.89,74.08,1084
PlatSTUDIO,4,0.49,73.99,1648
Snapshot Games Inc.,4,16.36,73.98,7465
Tender Claws,4,10.05,73.92,788
株式会社シルバースタージャパン,4,20.27,73.89,24
Victor Game Studio,4,0.25,73.88,171
YukiOstudio,4,1.24,73.87,59
Cardboard Keep,4,15.24,73.73,251
Sektan,4,3.24,73.73,81
Mousou Endemic,4,5.43,73.7,215
Secret Base,4,6.58,73.6,1653
Floor Chicken,4,1.17,73.55,48
Dimpiks,4,0.0,73.53,38
DRYBREAD,4,2.19,73.51,324
AQUASTYLE,4,17.99,73.38,2544
Traptics,4,7.27,73.36,418
Geoff Keighley,4,0.79,73.32,2201
Alina Digital,4,6.24,73.31,110
Funatics Software,4,0.89,73.28,3446
Twins Halo,4,3.63,73.28,105
Ocean Drive Studio,4,12.62,73.22,3184
Valera Entertainment,4,0.49,73.14,1374
七彩绘色游戏,4,1.49,73.12,930
Alex Williams,4,0.25,73.11,125
Chainsawesome Games,4,1.87,73.11,697
Gamecom Team,4,9.09,73.05,1069
Targon Studios,4,5.49,73.03,509
Creative Assembly,4,9.05,72.97,75100
Deep Silver Volition,4,3.18,72.93,94840
Pixel Edge Games,4,16.24,72.92,515
My Next Games,4,1.81,72.9,228
Fortell Games,4,2.74,72.87,1188
LuteGames,4,0.99,72.84,59
星辰重工StellaGames,4,0.99,72.79,110
Psytec Games Ltd,4,6.74,72.63,1403
AHEARTFULOFGAMES,4,9.12,72.61,793
Chadams Studios,4,5.83,72.59,21
Four Winged Studio,4,0.59,72.56,997
Tyler Hudson,4,4.49,72.5,258
XGen Studios,4,4.12,72.5,2203
NeoBird,4,5.0,72.47,165
Raay,4,2.56,72.38,37
SergioPoverony,4,2.89,72.34,103
Artech Studios,4,2.77,72.33,144
Boolean,4,1.74,72.3,69
Swell Games LLC,4,0.0,72.27,815
Gwyn Games,4,3.74,72.24,150
Niko Salocin,4,1.99,72.22,8
Shiver Games,4,2.05,72.2,14527
Blowfish Studios,4,7.74,72.19,1474
Rhombico Games,4,2.09,72.18,1543
Angry games,4,0.99,72.16,344
General Interactive Co.,4,6.49,72.12,536
Evrac Studio,4,2.42,72.06,19
N-Tri Studio,4,9.99,72.02,273
Shiba Neko,4,13.11,72.01,89
The Fox Knocks,4,5.39,71.97,2848
FrisbyStudio,4,1.99,71.94,21
Classyk Games,4,4.85,71.88,18
Farlight Games Industry,4,8.24,71.82,369
Interdimensional Games Inc,4,13.34,71.78,101
Wingjoy Games,4,2.57,71.69,1177
FaxLab3D,4,2.24,71.67,18
Fast Travel Games,4,2.25,71.65,690
YDKR,4,0.0,71.63,1340
ChillyRoom,4,6.46,71.57,6407
Space Boat Studios,4,2.68,71.54,4298
Magitech Games,4,2.19,71.53,169
Pretoriano_dev,4,3.62,71.43,40
Lexip Games,4,3.17,71.4,281
Blackbird Interactive,4,11.37,71.27,37510
Reija,4,3.24,71.25,136
Deyteris,4,5.27,71.22,45
CHEN YUANJI,4,0.49,71.21,17
Stas Shostak,4,4.55,71.2,1376
HB Studios,4,24.49,71.19,9189
Star Drifters,4,5.82,71.12,2952
Soleil Ltd.,4,2.75,71.11,58066
Absolute Power Game Studio,4,3.54,71.06,163
BULKHEAD,4,11.24,71.06,24753
Santa Ragione,4,2.8,71.03,1715
The 3DO Company,4,1.86,70.87,440
Strategy 3 Tactics,4,7.87,70.86,333
The Prime Movers,4,4.24,70.83,12
Sakari Games,4,5.24,70.82,686
Alkame Games,4,3.57,70.81,180
Fire Hose Games,4,2.19,70.81,3637
Wizard Games,4,4.87,70.64,462
Keaton Applebaum,4,3.99,70.56,147
Seiren-publishing,4,1.49,70.56,47
YFC games,4,0.9,70.52,1457
Thousand Games,4,13.86,70.49,344
Lupiesoft,4,10.74,70.47,453
Merriman Games,4,0.99,70.47,65
Indigo Studios - Interactive Stories,4,5.33,70.38,199
NewWestGames,4,6.99,70.37,426
P.+,4,10.03,70.36,477
Polyslash,4,3.22,70.33,3056
Highlander Interactive,4,0.89,70.23,160
Gentlymad Studios,4,4.12,70.19,11251
Farmind Studio,4,2.68,70.11,90
Colossal Order,4,15.24,70.1,352844
Gear Worx Productions,4,3.18,70.06,58
Lunheim Studios,4,3.99,70.05,1394
Vision Interactive,4,0.0,70.0,20
Strudio Company,4,2.62,69.98,334
白金城,4,2.21,69.88,29
Render System,4,3.24,69.87,228
VoVora Games,4,1.99,69.83,101
RZGames,4,3.74,69.75,49
Chromatic Games,4,2.62,69.73,44920
DDD Wares,4,1.49,69.69,383
Smash Game Studios,4,2.12,69.64,89
WizByte Games,4,3.99,69.61,29
Maximum Entertainment,4,5.47,69.45,370
Crian Soft,4,4.87,69.44,1797
Studio HK,4,1.24,69.4,167
Thirdverse,4,24.99,69.35,618
Stormind Games,4,5.62,69.26,5399
Streum On Studio,4,3.87,69.2,30813
Zoom Games,4,3.38,69.12,29
Wellore,4,3.45,69.06,418
Blot Interactive,4,1.74,69.05,23
VN House,4,3.87,69.05,65
BIG WOOD GAMES,4,3.24,68.84,53
RedZone Studios LLC,4,9.99,68.75,14
Tornado Games,4,1.26,68.66,97
PimpGameStudio,4,3.29,68.55,767
Iceflake Studios,4,4.55,68.44,6171
Shenandoah Studio,4,5.64,68.41,353
DeadlyCrow Games,4,3.49,68.4,1325
RIQPLAY,4,3.49,68.37,92
Ubisoft Toronto,4,7.17,68.23,57459
WISECAT,4,10.62,68.19,156
zoocros,4,5.24,68.15,64
E-FunSoft  Games,4,5.49,68.14,44
Puzzle Game,4,1.99,68.14,43
Huntah,4,0.75,68.1,208
Mega Dwarf,4,1.77,68.06,190
Spire Interactive,4,8.49,67.95,146
Vector Game,4,1.09,67.94,50
Maulidan Games,4,2.37,67.93,288
Mario Murkl,4,6.74,67.91,37
Thorne Games,4,0.99,67.78,513
Two Clusters,4,0.0,67.78,47
Flux Games,4,4.59,67.67,1380
W0nnaFight,4,2.49,67.66,240
HexGameStudio,4,3.63,67.6,518
FYRE Games,4,0.0,67.59,1844
MYAOSOFT,4,4.12,67.57,65
indie_games_studio,4,8.09,67.4,1003
kazakovstudios,4,0.49,67.39,75
Mandragora,4,3.99,67.37,9712
Monkeys Tales Studio,4,4.74,67.29,521
KOG,4,0.0,67.28,43989
Black Flag Studios,4,2.21,67.26,4730
Limbic Entertainment,4,9.71,67.19,36771
Glass Bottom Games,4,3.3,67.15,1248
Odooh Games,4,12.49,67.09,162
IGG SINGAPORE PTE. LTD.,4,0.0,66.96,5617
Bethesda Softworks,4,2.1,66.88,342
Tenth&Hess Games,4,1.37,66.84,595
Expansive Worlds,4,2.37,66.76,231632
Maximilian Ritters,4,0.75,66.75,212
Breno Alexsander,4,0.74,66.67,5
Code Society,4,8.99,66.67,12
Feral Termite,4,2.15,66.67,3
Phillip Hubbard,4,1.37,66.67,6
nomnomstudio,4,0.27,66.67,12
Amusitronix,4,1.49,66.66,4
MuYou,4,6.46,66.66,7
Pixel Games UK,4,1.49,66.55,47
Storming Tech,4,2.34,66.55,277
StarMatrix Labs,4,3.77,66.45,199
Umigame Studios,4,2.88,66.33,65
Black Potion,4,5.07,66.29,591
Matt Sowards,4,4.88,66.23,162
Rasul Mono,4,2.31,66.18,303
CoolCraftGames,4,0.55,66.14,33
lastgame,4,0.99,66.08,263
CreativeForge Games,4,2.74,66.06,10800
Stephane Valverde,4,4.99,66.06,178
Abstraction Games,4,2.62,66.03,6279
Reset Games Ltd,4,3.8,65.95,129
Agate,4,7.46,65.84,476
Home Fire Games,4,0.0,65.83,83
Batholith Entertainment,4,11.99,65.82,631
N J FOX,4,0.99,65.69,68
TheBoys,4,2.49,65.6,428
SilentFuture,4,5.32,65.54,311
Iron VR,4,2.17,65.53,69
Andy Law,4,2.27,65.49,3041
Matthieu Gouby,4,0.0,65.4,71
Soner Çakır,4,1.04,65.28,45
Eidos Montreal,4,1.87,65.25,69617
NORSKA,4,1.74,65.22,65
Love Seekers,4,2.47,65.13,195
DeXP,4,2.0,65.05,1648
Cleril Calamity Studios,4,0.0,65.01,158
Petit Fabrik,4,20.61,64.93,100
GATO STUDIO,4,12.99,64.84,1332
Hunted Cow Games,4,0.0,64.82,3648
Tunnel Vision Studio,4,5.49,64.8,1226
Gem Rose Accent,4,4.74,64.79,443
7 Raven Studios,4,1.89,64.61,99
ZeniMax Online Studios,4,1.25,64.57,155046
Heart Shaped Games LLC,4,2.63,64.48,391
Strange Fire,4,2.02,64.42,5226
Steedie,4,0.49,64.34,62
Gnelf,4,4.24,64.33,113
Joindots GmbH,4,5.99,64.28,19
kc6067,4,3.22,64.21,24
Snowbird Games,4,4.69,64.19,5473
JubleLemonSeed,4,0.5,64.15,1680
Zerouno Games,4,6.37,63.96,33
Daylight Studios,4,0.93,63.91,3348
Johan Games,4,7.99,63.89,66
Suplife Games,4,6.12,63.8,51
LastnOni,4,3.62,63.74,85
ZemunBRE,4,0.49,63.73,593
Quadfix Games,4,10.34,63.42,3069
Tudou Games,4,1.19,63.34,26
Childish Things,4,9.99,63.33,217
kamti,4,4.95,62.83,153
MegaPixel Studio S. A.,4,5.93,62.62,3175
Game for games,4,0.94,62.53,184
BLUM Entertainment,4,4.75,62.51,711
Pavel Gorev,4,3.0,62.5,8
Rabbit Studios,4,12.74,62.5,16
Zindeaxx Games,4,3.24,62.5,35
Lotte,4,7.74,62.46,203
Onteca Ltd,4,3.74,62.42,145
Klabater,4,4.67,62.34,8483
Stage Clear Studios,4,4.79,62.26,219
Hypnos Games,4,0.7,62.25,31
Carbon Studio,4,3.19,62.22,1384
BitRockGames,4,1.61,62.2,92
Verterial Flur,4,0.59,62.16,1092
Andrew Rowe,4,2.29,62.1,141
SOFTSTAR TECHNOLOGY(BEIJING),4,5.68,62.01,2984
ViewApp,4,18.49,61.97,4201
Flox Studios,4,3.74,61.95,929
Víctor Atobas,4,1.82,61.94,28
Ilya873,4,0.77,61.91,38
Retro Gears,4,1.75,61.9,393
Aegon Games Ltd,4,3.29,61.81,300
Big Robot Ltd,4,8.24,61.73,5240
OrangutanLeMonk,4,1.99,61.71,119
David Vogt,4,1.5,61.66,61
Studio48,4,2.74,61.65,199
Smart Tale Games,4,2.29,61.63,566
Virtual Sky Interactive,4,5.99,61.44,223
Milan Kazarka,4,2.74,61.29,434
VooFoo Studios,4,6.17,61.14,1196
Nevsram,4,3.24,61.11,26
SharF Co.,4,1.33,61.01,210
Cow Corp.,4,0.99,60.86,230
Roman Shuvalov,4,2.34,60.86,218
D.P.L.D.S,4,0.54,60.74,76
Xefier Games Inc.,4,9.74,60.72,234
Play Spirit Limited,4,1.37,60.7,378
Subdream Studios,4,5.74,60.69,154
Fire Game Studios,4,2.12,60.65,68
Artepi Corporation,4,1.5,60.31,100
Play Publishing,4,2.24,60.26,226
Mikki-Boi,4,7.49,60.25,80
Stroboskop,4,9.87,60.17,259
灵虚之幽,4,1.24,60.13,54
WJLEGAME,4,4.99,60.12,17
Timberwolf Studios,4,0.61,60.08,305
Bazookafriend,4,3.75,60.0,186
GAMEZ-STUDIO,4,4.22,60.0,15
Master Bronze Elite,4,0.25,60.0,5
2kblater (5),4,4.14,59.93,21
Ambitious Games,4,4.75,59.89,76
Star Vault AB,4,4.7,59.73,16224
黒子ラボ,4,1.74,59.65,22
Inlet Pipe Productions,4,1.15,59.56,64
Krisztian Blaha,4,4.54,59.52,86
ArchDawn,4,3.0,59.21,23
MiCake,4,0.56,58.98,24
Alpheratz*,4,3.99,58.97,206
SYNERGY,4,0.61,58.78,51
QIPAWORLD,4,0.99,58.67,27
Guru Games,4,2.87,58.59,1486
Pudding,4,3.56,58.51,437
Jl Apps,4,1.54,58.08,35
9heads Game Studios,4,4.54,57.93,3945
Naps Team,4,12.49,57.76,399
Zemnott,4,4.49,57.72,123
Punch Punk Games,4,1.6,57.7,791
Zakroutil,4,0.65,57.69,26
Warlock Arts,4,3.49,57.68,82
Zombie Studios,4,2.57,57.61,3310
MAGIC Spell Studios,4,3.24,57.54,33
CGGAMES,4,0.89,57.52,135
Gaweb Studio,4,5.05,57.5,40
Shine Research,4,6.2,57.47,129
Andrew Augustine,4,0.74,57.45,46
Funcraft Games,4,3.99,57.38,160
4 I Lab,4,5.74,57.27,130
Crescent Moon Games,4,8.62,57.03,1113
Sunrise9,4,0.49,57.0,187
House of Tales,4,1.36,56.88,523
Deep Shadows Games,4,4.62,56.55,15
BrainStorming Team,4,0.49,56.31,277
Weston Bell-Geddes,4,3.0,56.28,5398
Little Green Men Games,4,4.03,56.27,8616
heyjeff,4,0.99,56.25,20
NeverNorthGames,4,3.87,56.06,25
Gametroleum,4,7.75,55.85,83
Stereo7 Games,4,1.99,55.83,270
Talentplace,4,0.49,55.64,3358
ChillFun,4,5.49,55.36,18
XREAL Games,4,9.12,55.31,5641
Iful GS,4,0.79,55.19,67
plyoung,4,4.74,55.0,42
Heaven Brotherhood,4,1.04,54.77,2391
sakastudio,4,0.86,54.72,80
Jakai,4,2.24,54.55,11
It Matters Games,4,2.24,54.39,67
Mikhail Maksimov,4,0.62,54.35,232
Arcupion Art,4,3.66,54.27,336
Kanuni Games OYUN YAZILIM VE PAZARLAMA Ticaret Limited Sirketi,4,6.99,54.16,11
G1 Playground,4,7.24,54.01,2563
Juri Schupilo,4,3.49,53.9,101
Marco Games,4,2.04,53.73,62
Vrai,4,2.74,53.48,99
Adam Thompson,4,1.87,53.47,69
Hidden Tower Studios,4,2.57,53.18,200
Atomic Jelly,4,1.06,53.03,679
Choloco,4,9.89,52.78,8
Conmtrast,4,0.51,52.78,22
Terfilis,4,2.99,52.78,22
Duck INC,4,0.99,52.38,21
Sugoi Yellow,4,5.0,52.23,89
Lesta Studio,4,1.19,51.84,1108
Yuiami Games,4,2.99,51.67,16
UG Virtual Reality Technology Co.,4,12.74,51.62,34
YAOYICHEN,4,6.24,51.39,32
Masangsoft,4,0.0,51.37,11425
Morgondag,4,3.73,51.21,357
Heartomics,4,1.49,51.2,180
Lorenzo Entertainment,4,10.49,50.96,297
QUIKGAMES,4,2.74,50.64,33
Colossal Wreck,4,1.94,50.56,498
HEXADRIVE Inc.,4,14.24,50.31,614
Jake Olson,4,2.24,50.11,187
Adam Avramov,4,1.99,50.0,2
Imprint Gaming,4,0.74,50.0,2
Tehawar,4,4.74,50.0,3
XIAOWUWEI,4,5.49,50.0,3
daminggede,4,2.39,50.0,8
krishGames,4,0.49,50.0,5
ryuukyuushi,4,1.74,50.0,2
周鹏飞,4,3.29,50.0,2
SOEDESCO,4,4.74,49.65,268
EskemaGames,4,2.09,49.64,21
MIGALOO GAMES,4,1.74,49.37,58
Trend Redaktions- und Verlagsgesellschaft mbH,4,31.99,49.3,118
Horrid Vision LLC,4,3.12,49.25,100
CREATIV GAME DEVELOPER LLC.,4,9.74,49.14,75
Go Play Games Ltd,4,6.25,49.09,175
元气工作室,4,1.12,49.09,7444
Kobra Studio,4,0.86,48.79,492
Reno Games,4,2.74,48.57,36
MMEU,4,1.09,47.62,834
One Face Studio,4,2.74,47.5,43
iEntertainment Network Inc,4,12.37,46.97,107
Not Awful Studio,4,0.25,46.95,136
Hero Games,4,2.44,46.88,86
Skobbejak Games,4,0.64,46.84,445
Alex Le Mesurier,4,2.43,46.67,8
Miga Games,4,8.54,46.5,39
Strawberry Game Studios,4,11.25,46.28,36
Jace Of Shadows Gaming LLC,4,2.52,46.25,12
Armando Rodrigues,4,0.59,45.83,15
Marco S Hampel,4,0.75,45.74,234
Softmind Ltd,4,6.74,45.56,167
GameArt Studio GmbH,4,2.54,45.55,307
TheMasterGames,4,3.49,45.38,20
Z-Software GmbH,4,1.29,45.01,178
Golden Pick Games,4,2.62,44.97,19
Spacefarer Games Limited,4,2.24,44.93,26
Cerevrum Inc.,4,6.74,44.7,30
Incandescent Workshop LLC,4,6.49,44.64,18
Eternity Studios,4,3.82,44.62,398
Starodymov,4,0.99,44.48,221
DnS Development,4,1.99,44.28,1445
Beyond Games,4,4.99,44.1,53
wraithgames,4,1.31,43.91,171
Waqudoo,4,4.99,43.75,7
Grove Street Games,4,3.99,43.57,174
Rafael Farias,4,0.49,43.2,226
Asylum Square,4,2.12,43.02,216
Adato Games,4,9.99,42.73,78
OurLastSpring,4,2.87,42.53,36
hubiao,4,0.92,42.09,92
GXPlay,4,2.21,41.67,10
Sand Table Software,4,14.24,41.67,23
Team6 Game Studios,4,19.37,41.62,328
PRO PLAYA DEV,4,1.84,41.46,33
ODBear Studios,4,4.24,41.29,46
Potato Games,4,2.48,41.16,207
Imran Arafat,4,11.99,40.65,135
Imaginary Conception,4,7.24,40.48,13
Josh Tam Universe,4,2.24,40.33,528
FoV,4,1.11,40.28,20
TheElvenTale Games,4,0.93,40.04,76
Coremedia,4,2.24,40.0,5
DogGottenGame,4,0.49,40.0,8
Gamma Ray Chamber,4,1.24,40.0,13
Studio Thug Life,4,13.74,39.88,36
Myarcadegames Studios,4,0.61,39.71,35
Project Whitecard Studios Inc.,4,4.99,39.4,387
Starmops,4,0.93,39.3,86
INDIEPLAY,4,2.49,39.17,16
CaliCosDev Studio,4,3.14,38.89,18
Deeber,4,1.99,38.89,6
Mage's Hat,4,1.58,38.89,8
Nincent,4,4.74,38.83,144
Enigma Entertainment,4,7.49,38.64,42
none,4,0.0,38.37,196
Vice Age,4,4.49,37.99,43
Prestige Games,4,8.49,37.59,27
Abyscon,4,2.24,37.56,22
Associazione Audiogames,4,2.99,37.5,11
Chocolate Ship Games,4,3.24,37.5,13
Patate Douce Studio,4,3.81,37.5,13
Magicvalley Studio,4,2.99,37.35,69
Blue panda Games,4,16.49,36.68,35
Crewxaa,4,0.86,35.98,40
Performance Artist Games,4,0.61,35.82,82
Inonia Games,4,11.49,35.19,15
iwangr,4,19.99,35.19,12
Mugle Studio,4,6.74,35.12,104
Imagitec,4,2.25,34.52,75
Ragdoll Inc,4,3.49,33.88,99
CRX Entertainment Pte Ltd,4,3.34,33.33,7
Cipher Hive,4,2.89,33.33,79
Lucky Duck Games,4,2.0,33.33,6
Oli Taylor,4,2.99,33.33,19
Dragons Eye Studio,4,3.56,33.0,74
Phantom Studio,4,5.94,32.35,44
GoodMood,4,0.92,32.08,47
Odin Game Studio,4,2.74,31.91,3593
SimplexGameStudio,4,2.37,31.7,41
Armagedoom Games,4,4.24,29.05,45
QUIKIN Games,4,0.99,28.49,99
Silistre Game,4,9.99,26.81,54
Falling Ninja Productions,4,4.74,26.79,13
evlavv_studio,4,1.99,26.57,99
Domynyo SRL,4,8.74,25.0,36
VladProduction,4,0.49,24.24,123
İNİTİUM STUDİO,4,2.39,23.33,32
West Forest Games,4,1.74,23.0,72
几几不小心,4,2.71,21.43,10
PotatoIndustries,4,2.49,20.57,102
nextjen,4,1.14,19.17,103
Avisgames,4,4.24,16.67,8
Ravar Shikin,4,8.74,16.67,4
Chickenpig Software,4,1.86,14.2,57
Coke Cat Studio,4,5.74,13.34,20
gtgame,4,4.49,12.5,6
Ballistic Machine,4,2.49,11.11,5
Hede Games,4,199.99,6.47,45
659 Records (PTY) LTD,4,1.54,0.0,1
Blacc Ski Weekend Industries,4,3.74,0.0,2
Chen Min,4,48.74,0.0,1
HipSoft,4,7.49,0.0,1
SoomkaGames,4,1.2,0.0,3
Zach Wise,4,0.49,0.0,1
ujumiru,4,2.5,0.0,1
AChat Animation Studios,4,6.25,,0
AL Studio,4,1.99,,0
Ace X,4,4.24,,0
Aleksa Racovic,4,0.8,,0
Alex8778,4,3.75,,0
Aquilon,4,4.34,,0
Avi Games,4,7.69,,0
Bad Dog Banjo,4,2.59,,0
Bad Kong Games,4,0.79,,0
Barji,4,0.0,,0
Barlow Games Ltd,4,0.0,,0
Bear in the Night,4,10.3,,0
Berk Kalfa,4,2.74,,0
Better Me Tree,4,10.62,,0
Bird Box Games,4,1.72,,0
BuuPink,4,2.45,,0
Byaka Games,4,4.37,,0
CGI LAB GAMES,4,1.52,,0
Candylight Studio,4,6.28,,0
CatBellUnion,4,2.0,,0
Cheese Burger Studio,4,8.56,,0
Chilled Out Duck Games,4,0.49,,0
CouraGGe ent.,4,54.99,,0
Cream Team,4,1.61,,0
DarkBasic,4,5.57,,0
Date Ariane Games,4,7.79,,0
Disaster Squad Productions,4,0.0,,0
DomiHorror Development Lab,4,7.74,,0
Droid Productions,4,9.18,,0
EMRE YARDIMCI,4,1.42,,0
ENF Stuff,4,3.49,,0
Elementarium games,4,0.56,,0
Erogenous Moonlight,4,1.18,,0
FTA GAMES,4,3.24,,0
Femdom studio,4,7.96,,0
Grim's Studio,4,1.94,,0
Hematite,4,2.87,,0
Huli,4,5.04,,0
JNT Games,4,3.0,,0
Kinky Fridays,4,6.27,,0
Lovely Girls Studio,4,0.49,,0
Lustful Fantasy,4,10.62,,0
Lustration Team,4,8.8,,0
MEYOSOFT,4,1.59,,0
MadDevStudios,4,2.74,,0
Matthew Weston,4,0.0,,0
Mr.H,4,4.09,,0
NFK Games,4,0.55,,0
Naelstrof,4,7.18,,0
Peach Beach,4,2.49,,0
PiggyNose Games,4,6.37,,0
R.H. Industries,4,0.24,,0
Real Girl VR,4,18.24,,0
RedHub VR,4,11.37,,0
RoyalCandy,4,0.8,,0
SawaiwaGame,4,1.74,,0
Secret Garden,4,5.85,,0
Sexy Dev!,4,1.59,,0
Sexy Hentai Games Factory,4,10.59,,0
Shmoops Games,4,1.67,,0
Space Samurai Studio,4,6.55,,0
Spectrum.Games International Ltd,4,0.0,,0
SubCulture Dev,4,0.59,,0
Sweet Cakes Games,4,8.8,,0
SweetGamez,4,2.99,,0
TailsUp4Tyranno,4,8.49,,0
TeamSnowball,4,1.92,,0
Ulimworks,4,6.24,,0
Vaggelis Arabatzoglou,4,1.05,,0
Vortex00,4,4.29,,0
Westernleaves,4,15.74,,0
Whimsical Universes,4,2.44,,0
WhiteCute,4,3.02,,0
Whiteleaf Studio,4,4.07,,0
XD,4,0.0,,0
Xoullion,4,7.17,,0
Yuliya Kovach,4,5.99,,0
ao-system,4,0.25,,0
aquma,4,2.55,,0
irisGameDev,4,8.24,,0
nonPareil Institute,4,0.0,,0
とらいあんぐる！,4,12.31,,0
ぬるぬる坊主,4,2.74,,0
はちみつそふと,4,2.49,,0
ハーフトーンドット,4,11.24,,0
一只迷路的羔羊,4,1.81,,0
十年,4,6.24,,0
愛上補習班,4,12.69,,0
渡里laboratory,4,16.43,,0
程进,4,3.67,,0
!CyberApex (SkagoGames),3,0.72,100.0,2
.ToNg,3,7.0,100.0,2
1st-impact co.,3,1.66,100.0,2
2GT,3,3.99,100.0,19
4WayStudio,3,1.41,100.0,16
9900Studio,3,1.07,100.0,14
AJ To The Moon,3,2.46,100.0,3
APOLLON COMPANY LIMITED,3,2.66,100.0,2
Abraham Eduardo Zarate Mejia,3,1.32,100.0,1
Aethvion,3,1.64,100.0,2
Akira Abe,3,4.02,100.0,4
Andreas Ammer,3,1.83,100.0,2
Arvis Games,3,3.33,100.0,8
AshumArcade,3,1.99,100.0,14
BD Studio Games,3,3.39,100.0,12
BLJ Games,3,4.06,100.0,4
Borealis,3,4.46,100.0,32
Bottled Starlight,3,6.66,100.0,22
Budai,3,0.66,100.0,7
Bug Bounty Games,3,1.66,100.0,2
Bullet Ant Games,3,1.79,100.0,10
C. Uriah,3,2.26,100.0,3
CGDC Community Game,3,0.0,100.0,5
CUPPAKILL,3,2.63,100.0,19
Calvin MacCaull,3,0.41,100.0,7
CapturedLeek27,3,4.66,100.0,2
Caseyfromspace,3,2.86,100.0,19
CharlyKuschel,3,0.99,100.0,5
Chibinomicon Games,3,3.74,100.0,6
Chocolate Bar Games,3,2.99,100.0,5
Cockroach Studio,3,2.16,100.0,3
Conifer Studios,3,0.83,100.0,14
CoreSprout Games,3,0.79,100.0,32
Creactstudios,3,5.0,100.0,2
CreakGames,3,1.79,100.0,5
Creatalsoftware Games,3,1.34,100.0,11
Crystalline Green Ltd.,3,2.97,100.0,7
Cynical Honey,3,4.19,100.0,9
Dahku,3,9.99,100.0,53
Daye Productions,3,2.56,100.0,13
Deeppink man,3,0.99,100.0,56
Demigrz,3,4.36,100.0,6
Dersty,3,9.02,100.0,1
Digital Integration,3,6.66,100.0,14
DiscoCarGames,3,1.99,100.0,19
Dog Dog Studios,3,0.33,100.0,1
Drone Garden Studios,3,1.96,100.0,11
Egg Fried Rice,3,27.99,100.0,8
Eirtep,3,2.66,100.0,4
Eisenstadt Studio,3,16.66,100.0,1
Elite Gorgon Games,3,3.59,100.0,2
Elmok,3,4.99,100.0,5
Elvio Lujan,3,21.32,100.0,6
Finnsoft,3,1.66,100.0,16
Flat2VR Studios,3,18.99,100.0,32
Freya Games,3,2.66,100.0,15
Funbang,3,1.96,100.0,18
Funigami,3,2.2,100.0,12
FuzzyCube,3,6.66,100.0,4
Gavin Rector,3,2.33,100.0,1
Geniteam Solutions,3,0.66,100.0,4
Gomashio,3,5.32,100.0,3
GortagonGame,3,2.19,100.0,1
Green Onion Games,3,2.99,100.0,10
GreenBranchGames,3,54.99,100.0,3
Grid Kid Games,3,2.66,100.0,7
Grow Now!,3,1.76,100.0,18
Growing Seed Games,3,5.32,100.0,22
Guan Yue,3,22.32,100.0,2
HAIM,3,2.22,100.0,12
HeidenGames,3,1.66,100.0,24
Home Works,3,0.66,100.0,2
Hot Pizza Games,3,0.66,100.0,2
Imperiarte Games,3,3.96,100.0,6
Independencegamesdeveloper,3,1.01,100.0,1
Indion,3,2.39,100.0,4
Interactive Dreams,3,1.59,100.0,25
Intrugli Games,3,1.33,100.0,13
Ismael Rodriguez,3,2.49,100.0,167
JKK_WORKS,3,4.32,100.0,4
JT Mitchell,3,3.33,100.0,11
Joseph Dragon Dalman,3,0.83,100.0,2
Jungwoo Yom,3,3.66,100.0,10
Kkyul,3,50.66,100.0,1
Kman Studios,3,14.99,100.0,1
Komodor Games,3,1.32,100.0,1
KurokumaSoft,3,2.27,100.0,7
L42 STUDIOS,3,1.99,100.0,2
LaRay Games,3,2.52,100.0,2
Lime Blossom Studio,3,2.62,100.0,23
Logisk Studio Inc.,3,4.66,100.0,26
Lucius Braunstein,3,2.99,100.0,10
LumiMaker,3,7.14,100.0,2
Mad Mango Games,3,4.91,100.0,15
Maid Games,3,6.32,100.0,2
Malte Lehmann,3,3.87,100.0,19
Mardozux Studio,3,3.32,100.0,2
Matt McGreevy,3,0.36,100.0,2
McCollum Games,3,2.79,100.0,9
Mecha Rhino,3,5.16,100.0,1
Mediakomp,3,4.99,100.0,1
Metgan Games,3,5.86,100.0,7
Miami Game Design Club,3,0.0,100.0,4
Mr iLyn.,3,3.99,100.0,2
Mysterious,3,8.66,100.0,1
Māris Ozols,3,7.49,100.0,12
N11 Games Division,3,1.6,100.0,11
NIGHTCREW,3,1.09,100.0,7
Neonian Games,3,1.66,100.0,1
Nils Crettenand,3,1.99,100.0,1
Ninja Gamer Studio,3,1.99,100.0,33
Nivnan,3,1.33,100.0,5
OA GAME STUDIO,3,1.99,100.0,7
OP37K,3,0.33,100.0,21
Orca Virtual,3,2.99,100.0,1
Parsec Productions,3,4.31,100.0,17
Paul Bischoff,3,1.93,100.0,23
Peter Manfreda,3,8.32,100.0,1
Pinebud Games,3,2.09,100.0,6
Pirate Dog Games,3,1.09,100.0,2
Play With Fire UG,3,6.66,100.0,2
Poccade LLC,3,1.33,100.0,2
Powergames1142,3,6.39,100.0,2
Priyam Jain,3,5.59,100.0,2
ProgenitorWorks,3,0.79,100.0,8
PsychoSeel,3,2.66,100.0,44
Pumancz,3,2.93,100.0,5
Pyrebug Studios,3,1.99,100.0,18
R.J. Brontsema,3,2.41,100.0,5
Radikate,3,3.96,100.0,6
Randy Becker,3,4.49,100.0,27
Ravi Gyani,3,8.99,100.0,7
Relevation Studios,3,0.49,100.0,1
Richard Edwards,3,4.99,100.0,18
RoamingPoetXi,3,1.46,100.0,4
Robert Morgan,3,8.62,100.0,15
S1im Software,3,1.82,100.0,20
SG Entertech,3,1.59,100.0,1
SPRITE!,3,1.16,100.0,3
Sacred Star Team,3,10.99,100.0,3
Sawyer Friend,3,8.14,100.0,11
Screenshakes,3,6.66,100.0,2
SeventyFour Productions,3,1.0,100.0,1
Simcoach Games,3,8.32,100.0,2
Siso,3,1.66,100.0,1
Skill Prepare,3,12.66,100.0,1
Sky Bear Games,3,10.32,100.0,23
Sleeper Build Studio,3,2.74,100.0,16
Snowdrop Lab,3,1.32,100.0,7
Softdisk,3,2.96,100.0,7
SoulBattery,3,4.99,100.0,5
Spaceboy,3,6.66,100.0,17
Spacepiano Games,3,5.07,100.0,30
StarvingFox Studio,3,2.33,100.0,18
Studio Prime LLC,3,3.66,100.0,4
Sunil Sutariya,3,2.26,100.0,2
Sunrealm Studios,3,2.59,100.0,4
Sweet Heaven,3,6.66,100.0,7
Switchback Studio,3,3.36,100.0,67
T.E.R. Yarally,3,1.59,100.0,2
TAPROMANCE,3,5.94,100.0,6
The Thinker Cat,3,13.57,100.0,6
Tiramisu,3,10.22,100.0,3
Tomasz Banaś,3,1.0,100.0,2
Torii Gate Studios,3,5.49,100.0,3
TrickBunny,3,1.79,100.0,7
Triple Eye Games,3,3.59,100.0,8
ULLUCUS HEAVEN Inc.,3,4.59,100.0,1
Ugly Zebra Interactive,3,1.99,100.0,2
Unseelie Count,3,8.99,100.0,1
Uranus-net.com,3,3.22,100.0,4
UrbanWanderer,3,2.41,100.0,5
Velest,3,0.89,100.0,24
Virtual Dawn,3,2.74,100.0,10
WJLE,3,5.32,100.0,29
WOMBEX Games,3,0.4,100.0,18
William Jones,3,1.66,100.0,1
Wonderbounce Games,3,5.41,100.0,3
Wonderthing,3,0.99,100.0,12
Wyatt Yeong,3,12.66,100.0,21
Wynand Smit,3,6.82,100.0,1
XYZStudio,3,8.33,100.0,5
Xander Clinthorne,3,2.42,100.0,18
Xavier Bell,3,0.46,100.0,12
YKey Games,3,4.44,100.0,3
YamiToast,3,3.19,100.0,4
Yo!Games,3,1.39,100.0,3
Yukinoshin,3,3.99,100.0,8
ZynGms,3,9.32,100.0,7
_badger,3,1.66,100.0,6
arydk,3,3.51,100.0,21
beepsoft industries,3,0.69,100.0,22
blooming spectrum,3,16.49,100.0,7
cGh ONE,3,3.99,100.0,19
elcanogames,3,7.32,100.0,3
emagnetic,3,0.0,100.0,2
forefinger,3,6.32,100.0,1
halvardo13,3,1.99,100.0,10
indigo game production,3,3.19,100.0,3
kartyd,3,6.33,100.0,6
meLtRoman,3,0.0,100.0,25
pedritosgameplay,3,0.91,100.0,1
prophecy,3,9.66,100.0,2
upmupm420,3,1.92,100.0,7
ファントムゾーン観測室,3,9.7,100.0,2
广州雷氪沉浸技术有限公司,3,1.83,100.0,18
蛋炒饭,3,0.99,100.0,10
あうとさいど,3,6.96,99.76,338
Alexander Lahti,3,2.11,99.53,135
デジメカ製作所,3,0.99,99.16,85
Chris Danelon,3,6.59,99.11,267
KayAnimate,3,0.0,99.04,37986
Virgula Leal,3,1.96,98.83,1205
Elendow,3,1.69,98.81,113
Jupiter Corporation,3,13.32,98.81,332
Stepford,3,1.0,98.76,3219
NDOgames,3,0.72,98.75,174
zakichi,3,2.04,98.74,116
Shark and Pelican Games,3,1.99,98.73,137
Flipline Studios,3,4.79,98.64,14671
MOKKOGRAD,3,7.72,98.61,50
Myke Wills,3,2.09,98.61,37
Denki Gaka,3,2.66,98.55,30
sTeloXz,3,1.59,98.48,36
柚原堂,3,3.06,98.48,482
Bakumatsu Games,3,4.32,98.46,93
Ryclaw Games,3,0.52,98.41,34
SimaGames,3,4.16,98.38,41
EverCats,3,0.69,98.35,1536
ShmoeSoft,3,2.33,98.31,68
羽良麻セルフ,3,1.74,98.28,1177
HIROKO IMAKI,3,0.53,98.27,2824
WarMachine,3,4.99,98.27,103
Loquendero Dev,3,2.0,98.15,35
Silvercity Sharks,3,1.16,98.15,60
SuspiciousMosquito,3,1.22,98.15,36
Jofini,3,3.33,98.08,30
LIFE0,3,12.16,97.99,425
LimboLane,3,6.59,97.95,3991
Mad Jackal Games,3,2.32,97.92,35
Philipp Lehner,3,5.36,97.91,62
Starmage,3,4.49,97.91,32
Tambouille,3,4.26,97.9,1132
Toblue,3,6.12,97.85,34
veryOK,3,8.99,97.8,143
Studio Gauntlet,3,3.07,97.79,490
Alexandre Yoshinaga,3,0.77,97.78,19
InkForge Studios,3,2.52,97.78,70
Metehan SENER,3,1.17,97.78,25
Finger tip,3,1.82,97.68,86
Copperbolt,3,1.33,97.66,372
ln404,3,0.66,97.64,644
Andrew Nutter666 Jaggar,3,0.41,97.62,45
Radiant Sloth,3,2.67,97.62,18
Robert Wahler,3,0.95,97.62,614
Southern Vermilion Bird,3,0.76,97.62,29
nobones,3,1.86,97.62,48
Doot,3,2.89,97.61,6714
Tim Beaudet,3,6.92,97.59,155
Lonely Deckchair,3,2.32,97.5,26
PhijkchuGames,3,1.09,97.5,45
Goca Games,3,3.76,97.44,32
Panitia GameDev,3,3.25,97.4,385
takayakata,3,5.06,97.39,672
Lab Rabbit Games ltd,3,4.27,97.37,85
Con Man Games,3,8.66,97.3,13709
taxicomics,3,3.66,97.3,44
Night Steed Games,3,4.22,97.27,82
Retsu Teikoku,3,1.19,97.27,131
Carson Kompon,3,0.0,97.22,36
Basement Games,3,2.02,97.16,94
TYPE-MOON,3,22.99,97.13,8609
Square Weasel Studio,3,4.1,97.12,139
CheapeeSoft Games,3,2.29,97.1,51
Guara Studios,3,2.06,97.1,96
Skunkape Games,3,11.66,97.09,2419
Banshee Cat,3,3.99,97.06,51
Friendly Fire Software,3,0.53,97.06,48
Haska Su,3,0.6,97.06,21
Elliott Dahle,3,0.33,97.01,67
Gg,3,1.33,96.97,34
Kyle Thompson,3,8.66,96.97,4042
ZUGALU ENTERTAINMENT,3,0.99,96.97,20
boxedworks,3,0.83,96.97,70
べすとまん,3,5.12,96.97,76
Krish Shrikumar,3,9.33,96.94,1204
Ludokultur,3,1.65,96.94,562
Eduard Georgiev,3,0.58,96.88,66
Andrea Demetrio,3,0.41,96.86,273
Connection,3,10.26,96.86,159
Asephy,3,1.93,96.85,1049
Amir Rajan,3,5.32,96.83,46
turbolento games,3,3.46,96.71,17990
AMGames TC,3,12.99,96.67,104
Small is Beautiful Studio inc.,3,1.89,96.67,33
anthund,3,1.39,96.67,79
Garoa Studios,3,3.54,96.66,225
ツノウサギの家,3,2.99,96.66,26
Qruppo,3,13.32,96.64,5901
dustinaux,3,0.96,96.64,830
sodaraptor,3,6.92,96.63,1388
#workshop,3,2.35,96.61,9488
Cerasus,3,5.47,96.49,45
Akabaka,3,3.49,96.47,3829
Unison Shift: Blossom,3,9.32,96.46,126
Iced Lizard Games,3,4.94,96.45,253
Cactus VR Studios,3,0.5,96.43,28
Flyover Games,3,5.32,96.43,32
Hamdan Hamid,3,2.16,96.43,41
Override,3,0.0,96.43,27
CAVE Interactive CO.,3,8.16,96.42,2929
StellarXiela,3,5.29,96.41,415
Pugstorm,3,9.16,96.35,55215
Indispensable Studios,3,8.32,96.3,21
Team-K,3,2.16,96.3,11
Mika Mobile,3,3.82,96.26,1886
Isaac Andrews,3,2.37,96.25,54
Grabba Guild Games LLC,3,5.5,96.18,154
Short Circuit Studios,3,3.36,96.18,127
Milkbag Games,3,3.82,96.17,206
JumpBig Co.,3,1.02,96.16,33
RH POSITIVE,3,1.26,96.16,18
DarkChibiShadow,3,1.66,96.15,26
JFxGames,3,0.0,96.14,193
Goloso Games,3,2.74,96.13,525
Blazing Nebula,3,7.66,96.08,27
Corey Martin,3,3.57,96.07,625
Dan Schumacher,3,4.19,96.06,57
Mike Klubnika,3,1.39,96.03,95541
mirai,3,9.99,96.0,132
girl software,3,3.66,95.99,146
Fiendish Fiction,3,1.16,95.94,58
Unikgame,3,6.32,95.92,128
Orchid of Redemption,3,9.74,95.9,49
Jack Astral,3,2.59,95.87,56
Madison Karrh,3,1.63,95.86,4415
Rombo,3,2.11,95.86,182
Mercimek Games,3,2.32,95.84,18
Yrbiax,3,2.07,95.84,35
Clyde Smets,3,1.12,95.83,12
IdunaSoft,3,1.19,95.83,87
JOIS Games,3,5.66,95.83,26
Marmalade,3,19.66,95.82,70
Onix Games,3,1.95,95.78,684
Roaming of Little Hammer,3,5.99,95.75,101
LM Games Studio,3,0.79,95.72,134
Never Knows Best,3,8.49,95.72,5212
Spacezero Interactive,3,3.24,95.69,266
Alex Djenkov,3,0.66,95.65,23
BOV,3,4.82,95.65,383
Goldarait,3,1.54,95.65,99
tinybugbot,3,1.66,95.65,25
狐狸博士 Dr.Fox,3,3.61,95.65,25
Fuz Games,3,3.99,95.63,344
Clecota Games,3,4.32,95.61,51
Coreffect Interactive,3,5.73,95.6,479
SoulGame Studio,3,7.57,95.59,11423
AstralSeal,3,4.53,95.56,90
Grace Bruxner,3,2.74,95.55,8852
Duaik Entretenimento,3,5.16,95.53,125
八名木Games,3,6.53,95.53,6652
Applique,3,8.85,95.51,4417
yevhen8,3,8.16,95.5,7193
OAKgames,3,3.33,95.45,26
h.a.n.d.,3,11.39,95.44,11478
Spooky Doorway,3,9.49,95.41,6440
Daniel Mullins Games,3,3.57,95.4,154029
Ephiam,3,4.47,95.4,218
NOVECT,3,10.66,95.4,6861
Sebastian Lind,3,2.46,95.38,33
REMBOT GAMES,3,4.66,95.35,82
Mateusz Skutnik,3,14.57,95.31,1794
Reky Studios,3,10.16,95.31,910
馆叔,3,5.33,95.29,1050
Alexander Voidoc,3,2.99,95.24,37
Andrew Connelly,3,0.83,95.24,16
Santaworks,3,2.32,95.24,14
Teleport Games,3,5.82,95.24,39
We Create Stuff,3,1.16,95.23,5812
Sour Lemon Studios,3,4.66,95.22,61
Hogo Company,3,4.49,95.12,42
ShenTzu,3,2.49,95.12,51
Themisian,3,16.66,95.09,213
torcado,3,2.12,95.09,3203
Doodad Games,3,4.66,95.08,70
Happy Broccoli Games,3,6.19,95.06,6903
Lich & Lily,3,4.26,95.06,81
Soy Boy Games,3,2.99,95.04,135
foxel_,3,3.33,95.02,98
Brady Soglin,3,3.33,95.01,339
多巴胺军火商,3,2.72,95.01,306
CHEN JIE,3,0.49,95.0,20
ColaCatGames,3,1.72,95.0,49
Cozy Strawberry,3,0.0,95.0,37
Jaibo Games,3,1.99,95.0,148
Witch Beam,3,8.66,95.0,37303
EMSRoy,3,0.86,94.97,1574
Deep Dive Interactive,3,4.76,94.94,362
2Bit Couch Games,3,4.66,94.87,17
NoiArts,3,1.99,94.87,50
Poobool,3,1.71,94.84,231
17Night,3,2.76,94.83,97
Dennaton Games,3,1.41,94.82,173642
Dumativa,3,10.16,94.81,13418
Sorath,3,2.08,94.81,11927
Tomás Esconjaureguy,3,3.24,94.81,809
Vorobushek,3,2.42,94.78,60
Pixel Licker LLC,3,9.99,94.77,101
Cozy Village,3,0.69,94.75,194
Katatema,3,1.66,94.74,255
Ben Allen,3,3.33,94.71,186
Merso Entertainment,3,6.01,94.68,58
SimTex,3,4.99,94.68,2659
CarlMorganArt,3,1.66,94.65,31
NoBreadStudio,3,6.94,94.65,327
oates,3,2.66,94.64,210
Ben Olding Games,3,11.32,94.61,588
mumimumi,3,14.99,94.59,80
Nitro+CHiRAL,3,9.99,94.51,4510
dietzribi,3,3.74,94.5,889
Hockey Legacy Manager,3,9.32,94.49,101
Moral Anxiety Studio,3,3.01,94.49,4310
GrimTalin,3,0.99,94.47,88
Gabriel Jacintho Bertasso,3,0.99,94.44,38
Guilherme Palacios Fraga Uema,3,0.99,94.44,27
Jonathan Francis,3,2.42,94.44,17
Mamori Games,3,0.89,94.44,13
Slightly Esoteric Studios,3,1.99,94.44,8
Takeover Studios,3,0.26,94.44,11
整个好活,3,2.16,94.44,18
TheShelfman,3,1.73,94.42,83
uglycoal,3,1.4,94.38,552
hannibalnotdead,3,0.96,94.37,1350
Artificer,3,8.99,94.34,2397
Northplay,3,1.49,94.33,290
TheLaba,3,3.66,94.32,298
うどんぱ,3,3.49,94.29,35
David Amado Fernández,3,2.66,94.25,43
Made From Strings,3,4.16,94.24,71
Broken Toilet Games,3,1.42,94.22,108
PD_CGT,3,5.82,94.15,130
Blank Dream Studios,3,2.33,94.14,521
Asteristic Game Studio,3,3.09,94.13,2879
Charging Llama,3,2.26,94.12,32
GuiltyEva,3,0.53,94.12,17
Tomorrow Corporation,3,4.54,94.12,19244
doublemizzlee,3,1.99,94.12,21
Friedemann,3,3.79,94.09,4646
MaxBytes,3,9.66,94.09,425
SelianiDEV,3,2.54,94.09,136
Miju Games,3,7.99,94.08,54354
Peter Hijma,3,0.49,94.03,85
Puppet Combo,3,8.16,93.98,4564
Weathered Sweater,3,0.96,93.98,328
ProjectMoon,3,18.33,93.95,78441
11Sheep,3,2.99,93.94,821
Great Potion Games,3,1.39,93.94,27
Polyarc,3,9.32,93.91,3888
Aarjvark,3,3.33,93.88,50
Favorite,3,11.82,93.88,467
Faith G.,3,5.99,93.86,380
Vikintor,3,3.99,93.85,656
Bitlife,3,1.99,93.83,282
Ryan Forrester,3,3.92,93.83,558
LockedOn Games,3,6.99,93.82,800
Maris Ozols,3,7.49,93.82,111
Rascal Devworks,3,6.74,93.82,279
Mind's Eye Games,3,4.41,93.8,50
Okomotive,3,7.99,93.79,26988
Happy Snake,3,2.32,93.78,405
Picorinne Soft,3,4.49,93.77,280
Dhood Gaming,3,8.32,93.75,13
Kz Software,3,6.19,93.75,37
LZR GAMES,3,4.43,93.75,27
TEAM SHINZA,3,3.99,93.75,11
iBlackpen,3,1.66,93.75,1848
CLOCKUP,3,12.82,93.74,198
Tiny Warrior Games,3,4.49,93.74,474
Charlie Brej,3,4.82,93.73,436
Noumenon Games,3,3.32,93.73,1650
Artificial Worlds,3,6.99,93.72,102
BrickCream,3,0.72,93.72,430
Red Barrels,3,6.91,93.72,248134
Modus Interactive,3,5.16,93.69,233
Mossmouth,3,9.82,93.62,43027
Wicky Yu,3,0.49,93.61,506
HeyNau,3,2.65,93.54,1245
Marcos Donnantuoni,3,4.24,93.53,61
September Games,3,3.32,93.52,1083
Wide Right Interactive,3,3.0,93.49,716
DVloper,3,4.99,93.46,7897
Miloš Lužnjanin,3,2.59,93.43,45
Neuston AB,3,2.62,93.42,125
CenterPoint Gaming,3,1.83,93.38,31352
Team Soda,3,7.47,93.36,3025
Scott Ethington,3,5.99,93.34,36
Tiberius,3,5.09,93.34,20
Aridide Production,3,4.99,93.33,22
Blue Pin Studio,3,0.83,93.33,30
Ezone PTY LTD,3,9.99,93.33,43
GAMING RIKISHI,3,5.82,93.33,8
Greenlynx,3,2.32,93.33,8
Zios,3,1.36,93.33,7
Andrew Morrish,3,3.39,93.32,2292
Janne,3,1.06,93.3,61
Boundless Dynamics,3,11.82,93.22,19875
ReLU Games,3,7.59,93.22,954
DY STUDIO,3,2.99,93.21,35
Kitsune Games,3,6.66,93.19,1098
Inorganic Visions,3,10.66,93.18,27
Jollypunch Games,3,2.99,93.18,808
Nikola Bulj,3,0.9,93.18,136
SimonCreative,3,8.22,93.18,610
The N Main Shop,3,19.32,93.16,190
lemoniedev,3,0.56,93.16,41
Shido Game Studio,3,1.99,93.13,44
Kyuppin,3,4.84,93.11,324
箱崎奈绪(Hakozaki Nao),3,2.33,93.1,29
Galactic Workshop,3,3.39,93.06,144
Malzbie Games,3,4.83,93.04,199
Andriy Bychkovskyi,3,3.74,93.0,804
Shiny Shoe,3,12.16,93.0,29225
Goblinz Enterprises Ltd,3,4.56,92.98,2064
Twelve Tiles,3,2.06,92.92,443
scitydreamer,3,4.06,92.91,64
GAGA,3,1.91,92.89,484
Gustav Almström,3,3.33,92.85,25
My Digital Garden,3,5.32,92.85,8
lapys games,3,2.37,92.85,8
Pelican Party Studios,3,0.0,92.82,696
Simon Carny,3,2.83,92.79,162
Icy Mountain Studios,3,1.79,92.74,104
Linked Squad,3,1.66,92.73,4178
Bawu Team,3,1.99,92.71,1132
Zertuk,3,2.06,92.71,66
PEARFLOWER,3,2.84,92.69,462
Slay Buherman,3,1.66,92.69,117
Pocket Trap,3,7.49,92.68,964
Lucky Raccoon Games,3,1.57,92.65,57
PlatinumGames,3,13.99,92.65,119437
Podoba Interactive,3,2.48,92.65,68
Clover Bite,3,8.54,92.64,5812
Stegersaurus Software Inc.,3,2.17,92.63,8130
Synthetic Domain,3,2.53,92.63,726
Secret Exit Ltd.,3,5.24,92.62,6620
Lightsoutgames,3,2.99,92.59,29
NUMBER7,3,2.83,92.59,27
Zeno Rogue,3,4.99,92.58,499
Bugbear Entertainment,3,2.49,92.55,30794
MadBug Studio,3,1.59,92.55,161
Easy S Studio,3,1.51,92.53,194
ぽんこん堂,3,5.32,92.53,39
Fuzz Force,3,6.81,92.52,184
Nuci,3,9.32,92.52,446
Ivan Zanotti's MyMadnessWorks,3,1.72,92.51,3270
EXOR Studios,3,5.33,92.48,25928
maou,3,2.92,92.47,197
AKATSUKI-WORKS,3,10.69,92.46,1554
プラスカゼット,3,4.32,92.46,160
Jon Nielsen,3,3.44,92.45,945
Philosophical School of Games,3,1.32,92.43,109
Nifty Visuals,3,10.49,92.4,1054
ByerN,3,4.92,92.39,47
Nitroplus,3,10.99,92.37,13178
Red Six Development,3,0.49,92.32,2330
寂静四周,3,3.66,92.32,39
Dan's Games,3,0.59,92.31,45
GALEX SOFT,3,12.31,92.31,29
Quill Yuri,3,4.66,92.31,26
SB_Games_Public,3,10.99,92.31,13
KO_OP,3,7.91,92.29,2895
神族宝,3,4.33,92.28,1126
Bacon Bandit Games,3,0.53,92.27,943
FYQD-Studio,3,4.39,92.18,71506
Studio Nanafushi,3,5.99,92.18,2772
Giant Squid,3,14.99,92.17,27800
Kidalang,3,3.12,92.17,364
SpaceMyFriend,3,2.19,92.17,162
HEAD GMZ,3,0.99,92.16,20
Moonskull Games,3,1.3,92.16,180
Doborog Games,3,6.66,92.14,36884
PiBoSo,3,25.74,92.13,29345
Mutual Fun Studio,3,0.66,92.1,29
Studio Pixel,3,1.0,92.1,3164
YMCAT/Regista,3,6.32,92.1,31
Eternal Dream,3,2.99,92.09,3750
Porcelain Fortress,3,6.99,92.07,2384
Creature Labs,3,3.99,92.06,196
ENIGMA STUDIO,3,6.82,92.05,812
Yajin,3,2.62,92.05,50
Lululu Entertainment,3,3.44,92.04,130
Andrei Fomin,3,7.49,92.03,65
Alexander Taylor,3,4.14,92.02,303
kaiakairos,3,0.16,92.0,25
FinalBoss Games,3,5.49,91.99,327
Troika Games,3,7.62,91.97,15672
Hartree FR,3,4.66,91.94,73
Shimobashira Workshop,3,11.07,91.93,6093
Cosmo D,3,3.66,91.92,3501
△○□× (Miwashiba),3,1.19,91.92,6412
4H StudioLab,3,0.0,91.91,1133
Marc Zimmermann,3,3.59,91.91,785
HuniePot,3,4.46,91.9,33652
Hanoi Studios,3,1.09,91.88,95
MagicalTimeBean,3,1.41,91.88,1183
NoFace工作室,3,3.66,91.88,63
Dear Done Dead,3,3.74,91.86,100
Krispy Animation,3,5.99,91.83,207
games by lum,3,1.99,91.8,364
Object Normal,3,1.0,91.77,70
Thomas Moon Kang,3,4.99,91.76,8354
Scorpiniti Bruno,3,0.49,91.75,34
套鹿工作室,3,2.33,91.74,86
Statera Studio,3,7.91,91.73,660
Neotro Inc.,3,10.12,91.72,199
Net Get Games,3,2.32,91.72,64
Lucas Le Slo,3,2.02,91.71,150
CSTG-小光,3,3.89,91.7,351
Isaac Cohen,3,1.99,91.69,277
Elusive Panda,3,4.99,91.67,19
GrandMA Studios,3,6.32,91.67,28
Hayo van Reek,3,3.32,91.67,17
Hyakuren Soft,3,8.99,91.67,35
Mango x2,3,1.49,91.67,17
PRIME WORKS Co.,3,2.32,91.67,7
Slimomo,3,1.99,91.67,30
Yuri Kissaten,3,9.66,91.67,12
megaeggz,3,0.79,91.67,7
Evilkookey Games,3,3.19,91.66,26
GoldPumpkin Inc.,3,7.32,91.66,8
KG Games,3,2.32,91.66,11
Luis Pedro Lopez Perez,3,1.99,91.66,8
Outerlynx,3,4.99,91.66,10
PDS Games,3,1.07,91.66,19
Vaeril Games,3,5.61,91.66,16
Jérôme Bodin,3,5.06,91.62,197
SinksAdventure,3,3.32,91.61,124
Nozhin games studio,3,1.66,91.59,126
Inverse Game,3,1.19,91.58,7226
Lateralis Heavy Industries,3,8.49,91.58,3561
Erik Asmussen,3,3.99,91.55,9270
HEATHER FLOWERS,3,2.29,91.54,556
MDH Software,3,5.36,91.51,69
Tameem Hamoui,3,0.0,91.5,341
Elasto Mania Team,3,7.66,91.44,292
Headless Chicken Games,3,11.49,91.43,75
Cellar Door Games,3,4.82,91.42,35765
Kittehface Software,3,1.46,91.42,699
Seed by Seed,3,9.32,91.42,287
Massive Monster,3,5.16,91.41,105251
Mado,3,3.33,91.38,58
IDEA FRUITION,3,2.08,91.36,2203
莉莉恩工作室,3,1.78,91.36,208
DigiTales Interactive,3,2.61,91.35,2794
Nucko Games,3,6.66,91.34,78
Jump Over The Age,3,8.82,91.33,11688
RageSquid,3,11.57,91.31,20087
RexCorp,3,5.69,91.31,32
Hedgefield,3,1.33,91.3,23
Mötiv,3,0.89,91.3,46
Kyle Seeley,3,1.99,91.26,43987
Two Point Studios,3,10.99,91.26,45783
Samu,3,1.0,91.25,510
Yellow Dot,3,6.19,91.25,317
Wingware,3,83.32,91.24,56
Creaky Lantern Games,3,7.49,91.23,87
Euclides Lopes,3,0.94,91.23,55
WhyKev,3,6.37,91.23,223
Luke Vincent,3,3.82,91.22,160
Gallium Games,3,4.16,91.2,62
Hyper Three Studio,3,4.19,91.2,1263
HFRK.,3,3.46,91.18,588
Valtteri Tavast,3,0.5,91.18,34
HeartCoreDev,3,9.82,91.17,1097
Eleven Puzzles,3,2.93,91.13,1985
Studio LEF,3,4.52,91.12,66
Dojin Otome,3,9.99,91.1,31924
[OneManBand],3,2.29,91.1,243
Paulo Sacilotti Junior,3,2.83,91.09,97
Pankabre,3,0.99,91.07,23
KIRA LLC,3,5.59,91.05,8827
Valhalla Cats,3,2.73,91.04,1898
Clarity Games,3,2.08,91.03,784
Robot Legs Games,3,2.16,91.03,61
Bone Nail,3,5.91,91.0,13676
Joey Drew Studios,3,3.96,90.98,42265
Yakiniku Banzai,3,5.49,90.98,673
Matrix Science,3,1.72,90.96,102
Ravegan,3,4.16,90.92,153
Creetah Ltd,3,7.32,90.91,12
Fyn Games,3,4.32,90.91,15
Mon Amiral,3,1.66,90.91,11
Pixelnest Studio,3,5.12,90.91,1071
Terrible Toybox,3,4.16,90.89,13065
Seventeen horns,3,7.56,90.88,484
byDanDans,3,4.66,90.78,49
Worthing & Moncrieff,3,10.66,90.74,67
Andrew Ryan Henke,3,3.41,90.72,280
Myoubouh Corp,3,1.26,90.72,35
Roope Tamminen,3,1.29,90.71,3132
Endless Shirafu,3,8.49,90.68,122
Runic Games,3,3.66,90.65,56540
NEKOTOKAGE GAMES,3,13.16,90.64,508
ButtonSoft,3,7.99,90.63,219
Morteshka,3,7.91,90.63,7141
Headbang Studio,3,1.82,90.62,92
Planeta,3,2.33,90.62,57
Ionborn Entertainment,3,6.99,90.6,46
Pancake Games,3,8.92,90.59,7859
Videojuegos Fermín,3,1.33,90.59,105
Jesper Bergman,3,1.66,90.58,138
Perfectly Paranormal,3,2.66,90.57,3954
Noio,3,3.99,90.55,36043
Sugarcane Games,3,2.32,90.51,1132
Robot,3,3.26,90.5,301
HotBunny,3,0.83,90.48,21
Spinfoam Games,3,2.41,90.48,18
Media Art,3,3.49,90.47,19
ODale Studios,3,2.68,90.47,101
Crunchy Leaf Games,3,1.3,90.46,283
18Light Game Ltd.,3,6.56,90.45,2224
JustWallWireHead Games,3,3.59,90.45,51
kido,3,8.32,90.43,560
theclasoft,3,0.82,90.42,71
Explosive Squat Games,3,5.82,90.41,8346
Stormfront Studios,3,4.82,90.41,257
Flamebait Games,3,7.32,90.35,8652
Deathtrap,3,0.99,90.34,155
Havishamone Games,3,2.04,90.34,219
Oni Gaming,3,0.0,90.34,766
Wild River Games GmbH,3,11.69,90.34,166
Breakfall,3,9.99,90.33,994
Centicerise Productions,3,1.93,90.33,216
Oba Games,3,3.32,90.33,33
Steve O'Gorman,3,0.0,90.33,43
Aarimous,3,4.46,90.31,203
u&i,3,0.0,90.31,4491
Die Gute Fabrik,3,6.49,90.29,1398
Erlend Kirkeboe,3,5.02,90.28,281
Mushy Jukebox,3,1.01,90.26,72
Alastair John Jack,3,2.53,90.24,2759
Turbo Button,3,7.49,90.23,254
Indiesruption,3,8.32,90.19,445
Alexander Van den Bulck,3,1.24,90.18,70
Sweet Dreams Studio,3,3.66,90.18,30
Run and jump games,3,0.78,90.17,64
RyseUp Studios,3,14.99,90.15,21699
Dare Looks,3,4.19,90.14,535
Mi'pu'mi Games GmbH,3,2.99,90.14,2434
Loren Lemcke,3,2.69,90.1,3492
Osarion,3,7.66,90.1,1494
ShiinaYashiro,3,0.79,90.1,330
SuperSixStudios,3,1.74,90.1,389
Synax,3,3.16,90.1,70
Magnolia Art,3,1.33,90.09,2513
FivexGames,3,11.32,90.08,33
FLEB,3,1.33,90.07,433
Stormregion,3,3.32,90.06,881
Mana Potion Studios,3,5.62,90.04,7925
Frinky,3,1.24,90.03,4349
Aglobex,3,8.99,90.0,12
Baykal Arts,3,1.33,90.0,10
CarloC-free,3,0.0,90.0,10
Cosmix,3,5.66,90.0,6
Derek Tanis,3,7.24,90.0,8
DreamDeveloper-Studio,3,4.03,90.0,23
EpicVR,3,10.66,90.0,16
Lagartija Software,3,2.99,90.0,38
LivingEveryday,3,2.52,90.0,6
MattTheDev,3,2.59,90.0,25
Seam Entertainment,3,3.86,90.0,27
Strive Continually,3,2.11,90.0,6
Sweeping Avalanche Creations,3,6.32,90.0,13
Void Chamber,3,1.69,90.0,15
cheshewstudio,3,0.99,90.0,11
parade,3,22.91,90.0,10
r4kujin,3,2.56,90.0,6
uehara create,3,1.84,90.0,25
水狗工作室,3,2.66,90.0,50
Rayll,3,2.33,89.94,4623
CookieDev,3,5.88,89.93,5152
ds-sans,3,0.66,89.91,801
Adipson Studio,3,8.32,89.85,100
MD Studio,3,2.49,89.85,180
Double Dash Studios,3,9.99,89.84,386
doinksoft,3,2.64,89.8,6607
selenophobia,3,4.66,89.8,365
Frogsong Studios,3,9.91,89.79,1692
Romans I XVI Gaming,3,5.32,89.79,84
Mito Games,3,1.52,89.76,96
Running Hoffman,3,0.83,89.74,167
Butterscotch Shenanigans,3,7.49,89.73,8851
Akiragoya,3,4.74,89.72,1580
Intravenous Software,3,2.74,89.72,234
Maker製造機,3,7.12,89.72,239
Kodo Linija,3,6.99,89.7,1705
Q-Cumber Factory,3,3.26,89.68,56
Deer Dream Studios,3,4.99,89.67,1676
PartTimeIndie,3,5.18,89.66,1144
Guara Digital,3,0.56,89.65,109
Miracle Moon,3,14.99,89.61,151
Alec Smith,3,1.66,89.58,1215
Happymeal,3,1.99,89.58,34
Kezarus,3,5.51,89.58,113
Laplacian,3,16.86,89.54,950
Colestia,3,0.83,89.53,934
Spyridon Thalassinos,3,6.66,89.51,809
Ben 'Yahtzee' Croshaw,3,5.99,89.47,1215
Boar-in-games,3,0.99,89.45,103
Angry Demon Studio,3,5.26,89.39,4329
Sungame Studio,3,3.32,89.37,175
Titanite Novels,3,0.59,89.36,141
Jeferson Dias,3,1.62,89.34,40
Bew Games,3,6.32,89.33,39
Game Science,3,20.0,89.33,1161869
The Men Who Wear Many Hats,3,4.16,89.33,5586
G.rev Ltd.,3,12.66,89.32,120
D-Pad Studio,3,2.32,89.29,9063
Ethan Harris-Austin,3,1.39,89.28,25
On Target Simulations,3,39.99,89.28,347
Pavo Entertainment,3,3.99,89.28,15
Outer Brain Studios,3,11.25,89.27,1034
Giant Margarita,3,14.99,89.26,99
The Wild Gentlemen,3,6.52,89.23,2830
Spicy Gyro Games,3,1.39,89.21,301
Cabbibo,3,0.66,89.2,72
Flow Fire Games,3,6.66,89.2,17435
2by3 Games,3,37.32,89.19,1110
Kuro Irodoru Yomiji,3,5.82,89.17,488
Robot Gentleman,3,6.32,89.14,32135
Funselektor Labs Inc.,3,9.91,89.13,8950
Carlos Martins,3,2.99,89.11,75
DreamTeam Mobile,3,0.0,89.1,76
Binogure Studio 🐺,3,5.22,89.07,970
Darkania Works,3,2.18,89.06,273
Elf Games,3,3.66,89.04,2572
Accidental Queens,3,0.82,89.03,3873
Powerhoof,3,7.49,89.03,7451
Xlab Digital,3,7.49,89.03,169
Poking Water Games,3,8.79,89.01,397
Bombservice,3,7.96,89.0,16495
Alexey Suslin,3,2.49,88.97,141
Dininho,3,1.66,88.96,106
Ideas Per Second,3,2.82,88.93,34
Arvus Games,3,7.66,88.89,54
Bazuro,3,0.4,88.89,18
Cascade of Leaves,3,8.67,88.89,26
Cross Game Studio,3,2.89,88.89,19
Double E,3,0.71,88.89,20
GG Interactive,3,3.58,88.89,11
Glenn Verheij,3,5.16,88.89,45
Ignatios Productions,3,1.66,88.89,16
JChip Game,3,5.32,88.89,11
Joe Renwick,3,2.16,88.89,16
Newbuild-C,3,1.86,88.89,63
Pepperbox Studios,3,3.62,88.89,54
Raf1Dev,3,1.33,88.89,54
Tabby Cat,3,0.99,88.89,8
Teleport Games Bt,3,2.16,88.89,17
Thiago Cesário Machado,3,5.59,88.89,11
Windzen,3,2.16,88.89,5
aim up games - Peter Thomä,3,1.32,88.89,10
notagamestudio,3,3.99,88.89,56
Headware Games,3,13.99,88.85,2076
肉鸽鸽独立游戏工作室,3,1.01,88.82,92
Zoroarts,3,1.83,88.8,128
Pug Fugly Games,3,1.33,88.79,130
The Creator Workgroup,3,3.99,88.77,34
AnimicGame,3,3.49,88.76,126
NerdyBird Studios,3,0.66,88.76,200
Gas Lantern Games,3,3.99,88.74,185
HandMade Game,3,9.32,88.72,317
Queen Developer,3,3.62,88.7,302
SITER SKAIN,3,3.19,88.67,574
Fish Chain Games,3,1.09,88.66,88
Another Slime Studio,3,3.86,88.64,26
Open Mid Interactive,3,2.06,88.64,822
TimeGate Studios,3,9.99,88.64,511
Salangan Games,3,1.53,88.63,826
Almost Games,3,3.08,88.62,211
Ste's Project,3,1.33,88.62,47
Nocturne Games,3,3.66,88.59,32
元气弹工作室(GD Studio),3,6.94,88.59,5016
Indie Rocky,3,0.99,88.57,18
BeanKing Computer Entertainment,3,1.58,88.56,24
Tomato Fantasy Games,3,2.23,88.53,664
Emergency Exit,3,1.99,88.49,65
Sleepy Duck,3,1.14,88.49,2953
Ndemic Creations,3,7.54,88.48,61980
Fluttering Abyss,3,3.29,88.46,39
GingersoftGames,3,3.32,88.46,18
DaFluffyPotato,3,2.46,88.39,100
Dern Lin,3,1.72,88.38,67
Megapop,3,2.19,88.38,193
tokoronyori,3,3.49,88.37,10763
Clymenia,3,6.49,88.35,2770
kyuu Fujisaki,3,2.74,88.34,143
Gentle Manhands,3,1.0,88.33,169
PIXEL CO.,3,6.99,88.33,21
Shatterproof,3,2.66,88.33,20
Something Something Games,3,3.71,88.33,70
TreeFortress Games,3,9.26,88.32,2458
喜人一个,3,3.54,88.32,2170
Create Something Interesting,3,0.46,88.31,54
Lizardry,3,5.32,88.27,5644
Bitca,3,2.99,88.25,108
Imagination Rabbit,3,0.33,88.24,68
MediaCity Games,3,1.82,88.24,837
Minimum Studio Corp.,3,6.82,88.22,61
Will Sykes Games,3,1.24,88.21,185
Brawsome,3,4.49,88.17,519
Sleepy Sentry,3,4.33,88.15,551
Lasso Games,3,5.49,88.13,216
Cranberry Production,3,4.99,88.1,1272
Nether Lamp,3,1.66,88.09,60
Optillusion,3,7.83,88.09,5549
MuccyGames,3,4.54,88.07,565
Fossil Games,3,2.39,88.02,344
MANGLEDmaw Games,3,5.69,88.02,7505
Planet Moon Studios,3,7.99,88.02,637
Nanali Studios,3,9.32,88.01,255
Nestopi Inc.,3,4.79,88.0,56
Nevertheless Studio,3,1.42,88.0,314
Smokey Moose Games,3,1.99,88.0,146
Velveteen,3,2.39,88.0,40
Flaming Firefly,3,3.99,87.99,325
Yamauchi_games,3,0.4,87.98,257
Jellyfish Parade,3,3.86,87.97,95
Creedon Games,3,3.59,87.95,83
MIDLANDSTORY Inc.,3,14.92,87.91,22
NeutronStar.studio,3,1.73,87.9,144
SE.EED CO.,3,4.64,87.9,47
Gaterooze,3,0.66,87.89,122
Critical Games,3,5.49,87.86,540
It's Anecdotal,3,12.21,87.86,415
团购规划局,3,0.0,87.84,103
Neko Machine,3,6.49,87.82,194
Ryan Wheeler,3,4.99,87.82,19
DNV,3,1.66,87.8,52
Tunermaxx Media GmbH,3,4.66,87.8,197
Viacom NEXT,3,1.66,87.79,92
Silhouette Valley Games,3,0.83,87.77,177
Triband,3,7.99,87.73,5013
Eggcode,3,9.99,87.7,11866
Justus Yew,3,1.23,87.7,65
Placeholder Gameworks,3,8.64,87.7,7089
∇,3,9.99,87.69,265
Bloober Team,3,22.49,87.66,11261
Duhndal,3,1.66,87.66,40183
OuroborOs_,3,0.99,87.66,53
NAISU,3,1.99,87.6,194
Game Alchemists,3,4.74,87.58,33
Vertical Reach,3,7.32,87.58,314
Elden Pixels,3,3.44,87.56,1464
Abyte Entertainment,3,7.52,87.55,5325
Code Mystics,3,15.59,87.54,321
Flippfly LLC,3,5.66,87.54,7525
2E,3,0.96,87.5,17
Cerasus Media,3,4.52,87.5,18
DougVeiraDev,3,2.92,87.5,8
Ilan Manor,3,7.32,87.5,9
Iterative Interactive,3,3.59,87.5,20
SAME QUBE,3,0.33,87.5,13
imayui,3,3.26,87.5,10
xingchunfang,3,1.66,87.5,5
李园园,3,2.99,87.5,5
MorfeoDev,3,4.32,87.49,945
Think Ten Media Group,3,1.65,87.49,80
intiny,3,7.58,87.46,47174
PandaCat 熊喵独立游戏,3,0.83,87.44,595
Dawnwing House,3,0.99,87.41,51
Träumendes Mädchen,3,5.41,87.39,866
neko.works,3,1.99,87.39,541
Cowleyfornia Studios,3,5.62,87.37,79
OppaiMan 2D,3,1.16,87.34,758
White Star Studio,3,8.02,87.34,3439
Sungazer Software LLC,3,2.59,87.32,188
Con Artist Games,3,6.16,87.31,8823
Danny Garay,3,5.86,87.31,142
Aegon Games,3,6.32,87.3,381
Ty Taylor,3,4.26,87.3,6511
SQRT Games,3,1.16,87.22,77
Cool Smithy Games,3,3.06,87.21,85
PICTOLOGI,3,0.33,87.21,478
Nitrome,3,10.66,87.2,1140
Ritual Entertainment,3,4.49,87.16,2235
KEMCO,3,11.82,87.15,7869
thatgamecompany,3,1.87,87.15,39095
Rockwell Studios,3,6.96,87.14,274
ToD Game Studio,3,2.16,87.14,104
Aluba Van+,3,4.71,87.12,19478
StarlightTree Games,3,2.99,87.07,72
Kendall Studios,3,0.53,87.04,19
Paolo Orlandino,3,3.99,87.04,53
grapefrukt games,3,9.32,87.04,352
Light Arc Studio Ltd,3,6.29,87.0,135
Clever Plays,3,3.59,86.96,10531
Sam,3,2.16,86.95,51
Wormwood Studios,3,2.96,86.93,4355
Double Dice Games,3,5.99,86.91,302
ehmprah,3,1.33,86.9,396
Bad Coffee Games,3,1.66,86.87,375
Aartform,3,110.69,86.86,74
Another Dev Company,3,1.16,86.86,66
Toys for Bob,3,11.86,86.86,23871
Genesz,3,1.73,86.84,47463
Grundislav Games,3,8.99,86.81,1341
Marco Hirschfeld,3,2.39,86.81,181
Naughty Dog LLC,3,28.82,86.79,134318
Sluggerfly,3,3.32,86.78,8050
The Game Bakers,3,5.07,86.77,17284
LBR games,3,0.99,86.75,110
asraworks,3,6.67,86.75,1186
Devil's Dozen Games,3,10.49,86.73,65
Knight-HD,3,2.44,86.67,18
BOBER BROS,3,3.0,86.66,813
Active Fungus Studios,3,6.49,86.65,433
Illusion Softworks,3,2.97,86.63,16300
Karolis Dikcius,3,2.79,86.62,45
Reflections,3,2.32,86.61,8974
Toast Interactive,3,13.99,86.61,684
WZOGI,3,1.66,86.61,726
Niffler Ltd.,3,1.24,86.6,1234
Smug Marmot Studios,3,4.99,86.6,387
SECRET CHARACTER,3,8.69,86.58,560
A Sharp,3,9.76,86.53,1118
Toxic Games,3,4.16,86.53,3659
8BitSkull,3,5.76,86.52,1400
Heavy Sheep,3,0.59,86.51,155
Triangle Factory,3,11.33,86.51,1674
Proton Studio Inc,3,2.49,86.5,6022
Aether Studios,3,13.49,86.48,43724
Buka Development,3,0.92,86.43,1664
Dylan Fitterer,3,3.74,86.42,19672
Kokutou Umeboshi,3,3.16,86.42,599
Tuatara Games,3,7.66,86.42,1330
Maschinen-Mensch,3,5.16,86.4,8201
The Stonebot Studio,3,1.83,86.4,169
New World Interactive,3,5.49,86.37,273844
Sassybot,3,7.21,86.36,1857
Astro Game Studio,3,2.09,86.35,30
Haydee Interactive,3,10.66,86.35,8338
Smartmelon Games,3,7.02,86.33,1329
PRODUKTIVKELLER Studios,3,2.09,86.32,1092
Incandescent Games,3,2.24,86.31,682
Sean Young,3,5.82,86.31,17961
Code Avarice,3,5.32,86.3,214
Mixed Realms Pte Ltd,3,9.62,86.28,7975
Nekoromorph,3,2.59,86.27,138
Threeyes,3,3.99,86.27,21
General Arcade,3,7.49,86.26,4339
FusionPlay,3,5.66,86.23,1005
Daniel Jeanneau,3,0.99,86.22,42
ORANGE POPCORN,3,9.57,86.21,766
White Box,3,0.66,86.19,536
Binary Zoo,3,2.66,86.16,1671
Grab Games,3,16.66,86.12,437
AyfjayGames,3,3.33,86.11,20
Blind Alien Productions,3,9.66,86.11,19
Greg Giddens,3,1.14,86.11,12
Lukifah,3,1.19,86.11,18
Yanako RPGs,3,2.57,86.11,248
Cubyte Games,3,3.67,86.06,324
nornware AB,3,2.99,86.05,1719
Alex Hanson-White,3,8.55,86.04,251
JSL Entertainment,3,8.95,86.04,28037
Dvora Studio Co.,3,4.49,86.03,6407
Necronomicon Games,3,1.99,86.0,30
Don Whitaker,3,2.33,85.97,86
Daotuan Wang,3,2.66,85.93,128
Fiveamp,3,2.5,85.93,8164
Live Wire,3,7.26,85.92,39945
Team Tetrapod,3,5.6,85.9,4037
Tamerlan Satualdypov,3,0.49,85.89,537
章鱼罐头制作组,3,3.78,85.88,1919
Kawaiisun Games,3,1.66,85.86,160
Red Mount Media,3,4.49,85.82,358
The Mill,3,0.0,85.82,73
阿正不经,3,0.66,85.82,2104
Trederia,3,3.06,85.81,178
Hugecalf Studios,3,3.76,85.79,1794
White Giant RPG Studios,3,2.66,85.78,604
Team ETTU,3,4.17,85.76,78
Adrian Aksan,3,6.66,85.75,67
Yonder,3,1.36,85.75,1120
Metalhead Software Inc.,3,20.99,85.74,4011
DMU Software,3,4.99,85.72,8
Falling Light,3,0.49,85.72,13
InuiNanGames,3,3.72,85.72,8
LisiSoft,3,3.66,85.72,36
Osmotic Studios,3,4.09,85.72,16914
Bearded Rabbit Game Studio,3,1.79,85.71,7
DRAGONFLY GF CO.,3,0.0,85.71,7
Pixel Fox Games,3,0.83,85.71,7
Prideful Sloth,3,10.41,85.71,7395
One Wheel Studio,3,5.96,85.7,126
Ape Apps,3,4.57,85.69,257
Bad Bird Studios,3,1.66,85.69,502
Handshake Firm,3,0.0,85.66,411
Blueteak,3,8.32,85.65,1522
Matheus Reis,3,2.66,85.63,169
yondray,3,5.82,85.62,182
Oxeye Game Studio,3,7.66,85.6,1050
JustJeff,3,1.33,85.57,480
Project_lelz,3,1.66,85.56,24
QueseraGames,3,11.33,85.56,471
SANDLOT,3,16.46,85.55,27163
PlaySide,3,7.16,85.51,11039
Rubeki Games,3,4.74,85.45,2278
Rejected Games,3,2.66,85.42,7486
Ghost Creative Studio,3,4.82,85.41,32
Hammer & Ravens,3,4.93,85.41,773
Arnold Rauers,3,4.32,85.4,300
自由愉悦小黄猫(Free pleasure little yellow cat),3,2.32,85.38,51
One Bit Studio,3,1.09,85.35,78
Ironclad Games Corporation,3,11.66,85.33,23754
Visumeca Games,3,1.84,85.33,84
Elder Leaf Studio,3,1.16,85.32,132
Tozai Games,3,5.89,85.32,543
beyondthosehills,3,2.74,85.32,193
Punk Notion,3,2.08,85.26,290
Zing Games Inc.,3,3.29,85.25,366
METAGAR,3,1.48,85.24,173
PhatRobit,3,5.66,85.24,249
Christopher Yabsley,3,5.16,85.23,389
Cogoo,3,4.59,85.22,233
Foursaken Media,3,9.26,85.2,360
Best Games Collection,3,6.37,85.19,137
George,3,1.99,85.19,14
MALGOW,3,0.0,85.19,27
Ryan Nein,3,0.0,85.19,27
Mr. Pink,3,7.49,85.17,3690
Junjo,3,7.54,85.16,46
Expresso Studios,3,3.49,85.12,68
Gamagora ICOM,3,0.0,85.1,255
PGN Inc,3,27.66,85.08,1772
Angela He,3,1.99,85.07,17462
AIx2 Games,3,5.46,85.04,1100
Swing Swing Submarine,3,2.49,85.03,4305
Diamond Cats Studio,3,0.61,85.0,30
Marco Braun,3,2.32,85.0,10
kChamp Games,3,3.42,84.99,35122
Embers,3,4.57,84.96,4954
Black Train,3,9.32,84.95,1134
Digital Extremes,3,4.33,84.95,649104
VitruviusVR,3,14.99,84.94,946
Primarch Interactive,3,7.99,84.92,17
Thunder Lotus,3,2.74,84.9,59815
Caligari Games,3,0.83,84.89,1134
Thunderbox Entertainment,3,6.66,84.86,236
Cat Nigiri,3,3.66,84.85,332
Wargaming.net,3,7.06,84.84,724
Frostwood Interactive,3,2.49,84.83,443
Chimera Entertainment,3,6.66,84.81,1976
Catland,3,0.83,84.8,386
Dr. Kucho! Games,3,4.93,84.8,347
Sumalab,3,5.99,84.8,653
Blue Math,3,5.49,84.72,55
Friday Night Software,3,7.72,84.72,22
GR0GZ_GAMES,3,1.16,84.72,21
Horizon Hobby,3,36.66,84.72,1435
Miziziziz,3,1.84,84.7,125
Ronin SoftWork,3,2.46,84.66,1159
Dawn Studio,3,3.66,84.65,25
Abyssal Studios,3,1.16,84.62,55
Callmerat,3,13.99,84.62,29
VIRTUAL REALITY LABORATORY DV,3,0.66,84.62,44
YogurtGames,3,2.19,84.62,17
Dodge Roll,3,2.33,84.61,89796
Kite Games,3,4.66,84.59,9007
OPERAHOUSE,3,18.32,84.58,151
Daniel Linssen,3,2.82,84.57,2534
Adam Tarnowski,3,1.26,84.54,87
Kenney,3,5.32,84.54,363
Veewo Games,3,8.32,84.53,23367
Ubisoft Quebec,3,16.16,84.52,201872
ImaginationOverflow,3,3.07,84.47,429
HOGO Games,3,7.67,84.44,827
Kara Stone,3,6.24,84.44,37
Cluck Games,3,3.82,84.42,111
Coldwood Interactive,3,2.82,84.42,12682
Sinister Design,3,13.32,84.41,344
Double Stallion,3,3.79,84.4,1532
Dragonrise Games,3,3.72,84.38,2403
Jonathan Grey,3,2.06,84.38,33
Tobias Springer,3,1.27,84.38,14660
NourSaiFR,3,10.57,84.34,132
ALTER-BOY,3,1.75,84.31,92
Denormalizer,3,2.33,84.31,64
Somewhat Software,3,3.24,84.31,89
TECOPARK,3,3.26,84.31,33427
tamationgames,3,1.33,84.31,1407
CarloC,3,3.99,84.3,310
Isaac Lee,3,1.99,84.3,170
Blueshift Media,3,2.66,84.29,52
Crema,3,6.16,84.29,43825
Silly Tiger,3,0.92,84.28,42
kuklam studios,3,5.99,84.28,206
黄昏フロンティア,3,20.99,84.26,2798
Jenito,3,7.66,84.24,29
H.T.Project Games,3,2.92,84.21,32
Rubicon Development,3,3.99,84.19,312
Naughty Clogs,3,2.86,84.18,415
Cyber Eye,3,7.49,84.14,356
Sundae Month,3,5.42,84.12,1632
Team Junkfish,3,4.19,84.12,3918
Yongjustyong,3,5.16,84.11,165
Mahelyk,3,6.99,84.1,330
Element Studios,3,6.74,84.07,3741
UltimaCJ Productions,3,4.92,84.07,20
Chromosphere Games,3,1.66,84.06,510
Madruga Works,3,9.99,84.06,27303
Vania Studios,3,5.32,84.06,113
Nathan Meunier,3,4.26,84.0,354
MikuniRailwayGames,3,2.12,83.97,21
Freedomize Studio,3,4.99,83.94,1549
ProjectKukuevo,3,0.79,83.93,258
Enokippu,3,8.49,83.91,911
Kraken Studios,3,13.16,83.91,408
Bonereaders,3,8.41,83.9,721
MarineVerse,3,2.66,83.9,389
Simon Fredholm,3,3.99,83.86,4162
炭焱网络 Tantrum Network,3,4.19,83.84,198
Artbarian Games,3,0.0,83.83,1423
Blue Banana Lab,3,2.99,83.82,26
Hammer Labs,3,9.32,83.8,724
乔元成,3,0.66,83.8,42
Alien Jellyfish,3,1.12,83.78,274
PropilGames,3,0.49,83.78,1539
Acureus,3,1.67,83.76,33731
SoftWarWare,3,13.32,83.74,3164
FatSheep Studio,3,1.76,83.73,167
Kenisoft Game Studio,3,10.32,83.73,123
Shin'en Multimedia,3,6.36,83.73,150
kingnagame,3,13.61,83.72,481
我妻寒十,3,1.16,83.72,558
Redblack Spade,3,1.93,83.68,1263
Viriver Network Technology Co.,3,3.32,83.68,51
Odders Lab,3,17.82,83.67,310
Hondune Games,3,5.52,83.66,17
Awoker Games,3,0.49,83.64,1335
Hitcents,3,1.36,83.63,2571
Liquid,3,11.66,83.63,611
Wevr,3,6.66,83.6,629
The Pixel Hunt,3,4.26,83.59,480
ManaVoid Entertainment,3,7.52,83.57,766
Halfbrick Studios Pty Ltd,3,9.31,83.53,4916
Verde,3,4.16,83.51,177
Lazy Monday Games,3,1.49,83.5,2875
LVGameDev LLC,3,18.66,83.48,4709
Merla Games,3,4.58,83.48,30
Zai Studio,3,1.66,83.48,257
Fullbright,3,2.24,83.47,22471
MariLuzaria,3,3.04,83.46,124
SUPERHOT Team,3,9.16,83.45,61040
Dilmer Valecillos,3,3.99,83.44,52
Neomateria Games GmbH,3,6.32,83.44,998
VenomizedArt,3,1.89,83.41,152
Lofty Sky Entertainment Inc.,3,4.36,83.4,530
Nimbly Games,3,0.66,83.39,2477
Reptoid Games,3,1.74,83.38,183
Gameplay Studio VR,3,5.66,83.37,63
8º Arte Games,3,3.19,83.34,6
COPIKAL,3,3.79,83.34,7
Distant Games,3,1.41,83.34,21
E.F. Studios,3,1.12,83.34,6
HARAMI Studio,3,2.99,83.34,5
HongZhenJin,3,1.33,83.34,4
Icuzo,3,1.32,83.34,13
Karpopper,3,6.32,83.34,4
Nelset,3,1.19,83.34,138
OLIVANGO,3,4.99,83.34,5
RMking,3,0.69,83.34,245
SECHAN BARAM,3,2.66,83.34,6
SnowCable,3,1.33,83.34,7
TeamKRAMA,3,13.99,83.34,3278
Whalebox Studio,3,7.33,83.34,278
Xeip Games,3,0.49,83.34,5
都要恰饭的,3,0.99,83.34,5
金戈兄,3,0.33,83.34,53
Agustin Eisman Moreno,3,0.99,83.33,7
Britnet Media,3,4.99,83.33,10
Eracu Studios,3,0.83,83.33,6
Hanged Bunny Studio,3,5.07,83.33,25
Ke Zhou,3,2.66,83.33,6
PHANTOM PIXEL,3,1.11,83.33,54
PSS,3,3.16,83.33,6
RonEvansGameDev,3,0.0,83.33,6
SilenGames,3,0.99,83.33,33
Ultraleap,3,0.0,83.33,6
Vast Studios,3,4.99,83.33,4
Pixel Maniacs,3,5.19,83.32,930
Creative Hand,3,2.62,83.28,227
Lonhong Team,3,6.17,83.28,333
Crytek Studios,3,5.99,83.27,32349
Drakeling Labs,3,4.16,83.27,18454
Oblom studio,3,0.69,83.27,158
Lightspeed Studios™,3,0.0,83.26,5445
Studio Gamaii,3,2.32,83.26,340
Animu Game,3,1.66,83.24,3816
Han Zhiyu,3,5.74,83.24,673
Valiant Game Studio,3,4.74,83.24,88
Jagex Ltd,3,7.0,83.22,62073
Night School Studio,3,16.66,83.2,14648
SilverBlade,3,1.66,83.18,63
Undead Labs,3,3.33,83.17,92567
Unlimited Fly Games,3,5.99,83.17,843
Startreming Games,3,1.82,83.16,300
Happy Volcano,3,1.99,83.13,1847
Stephen Joseph,3,1.66,83.1,78
Exhibyte,3,5.82,83.09,70
SukeraSomero,3,8.42,83.09,4871
DIVR Labs,3,7.65,83.08,140
IDHAS Studios,3,4.16,83.08,617
Peace_Studio,3,5.05,83.07,263
Killerfish Games,3,8.32,83.06,8935
Chubby Pixel,3,4.56,83.05,354
Ludo Land,3,0.99,83.03,468
Over The Moon,3,6.99,83.0,6117
Zabbo Games,3,6.19,83.0,450
Sandstorm Studios Inc.,3,9.32,82.97,5553
Michal Piotrowski,3,2.32,82.95,45
Vincae Entretenimento,3,7.66,82.95,46
Artem Kotov,3,5.99,82.94,627
DP3 Softworks,3,0.65,82.93,41
Heliosphere Software,3,4.53,82.93,41
Horrible Guild,3,1.76,82.93,146
Lohsoft,3,0.53,82.93,1589
Idan Rooze,3,2.14,82.92,695
Red Chain Games Ltd.,3,1.49,82.92,49
Smudged Cat Games Ltd,3,4.99,82.9,1476
RoninGameDev,3,1.99,82.89,24
Clockwork Wolf,3,2.49,82.88,1049
Dreamirl,3,4.16,82.88,455
Molter,3,3.57,82.88,540
Foolish Mortals Games,3,2.66,82.86,790
EP Games®,3,6.16,82.85,308
半星BanXing,3,1.99,82.85,32
Thing Trunk,3,6.24,82.84,15797
Vanguard Games,3,1.93,82.83,5401
Shotgun Anaconda,3,4.36,82.81,68
Triple.B.Titles,3,4.32,82.77,4958
Teatime Research Ltd.,3,0.0,82.76,221
Madowl Games,3,2.82,82.75,47
Phoenix Online Studios,3,4.16,82.75,2214
Petushock Production,3,1.57,82.72,184
Sinking Sheep,3,1.39,82.72,111
Galen Games,3,1.66,82.7,81
Not-So Classic Games,3,0.66,82.7,64
Flying Oak Games,3,1.84,82.67,3819
Nooner Bear Studio LLC,3,1.49,82.67,162
Binary Impact,3,6.04,82.64,190
Basilisk Games,3,5.33,82.61,606
Cliax Games,3,2.32,82.61,239
Missing Calm,3,0.64,82.61,1621
Turtle Cream,3,4.84,82.6,781
Cyclone Studios,3,2.09,82.58,219
HNStudios,3,1.58,82.56,228
Solar Eclipse Games,3,2.58,82.55,385
Chucklefish,3,8.16,82.51,170419
DorsalFin Studio,3,7.36,82.48,129
brusnik.com,3,6.22,82.48,45
Max Ritters,3,0.94,82.47,50
Laminar Research,3,15.29,82.46,24221
Roberto Trasarti,3,1.99,82.46,74
Owlcat Games,3,9.66,82.43,102722
SBN3,3,4.57,82.43,14023
Hybriona Technologies LLP,3,2.46,82.42,139
Lost Frame Development,3,4.66,82.42,86
Andrade Games,3,8.32,82.41,282
Milpitians,3,3.33,82.4,458
Anatoly Konstantinov,3,1.53,82.38,194
Tremmi Publishing,3,1.99,82.36,59
CBE software,3,4.99,82.35,1134
Raptisoft,3,3.87,82.35,17
Gestalt Development Studio,3,0.82,82.34,389
FlyAnvil,3,3.83,82.33,2344
Sloclap,3,13.02,82.33,35665
17-BIT,3,5.49,82.32,1409
BoringKate,3,0.99,82.32,86
KAMITSUBAKI STUDIO,3,17.99,82.32,1554
Retrowave Studios,3,3.41,82.31,18
Iron Tower Studio,3,9.72,82.3,7633
Lightbulb Crew,3,4.33,82.3,4819
ROSEVERTE MYSTERY,3,7.24,82.27,230
DjokaGames,3,1.07,82.26,50
Nina Freeman,3,1.66,82.25,2791
Null Reference Games,3,5.0,82.25,112
Alex Olinkiewicz,3,0.33,82.23,527
BetaDwarf,3,2.33,82.23,68353
Bonus Level Entertainment,3,6.16,82.22,261
Kubikfoto GmbH,3,0.0,82.22,32
Respawn Entertainment,3,9.49,82.22,417272
Aubega,3,0.59,82.21,44
Steel Mantis,3,3.77,82.2,5224
1917 Studios,3,3.66,82.19,1132
Lunarch Studios,3,8.99,82.19,4315
Laughing Jackal LTD,3,1.17,82.15,614
Barlock Games,3,0.33,82.14,26
ogsoftgames,3,3.59,82.14,14
Nepix,3,2.99,82.13,119
kantal collective,3,1.36,82.12,218
Aetheric Games,3,1.91,82.11,458
Four White Cats,3,6.39,82.11,408
Fubenalvo,3,1.16,82.11,327
Massive Entertainment,3,1.96,82.08,93669
Gamepires,3,7.49,82.07,116258
Mipmap Digital,3,7.94,82.06,155
SJR Team,3,7.62,82.05,32
WhitePeach,3,5.32,82.05,967
Charlie Behan,3,1.66,82.03,1037
Massive Miniteam,3,8.59,82.02,1718
Shawn Hitchcock,3,1.77,82.01,44393
Daniel George,3,5.32,82.0,66
Chaos Minds,3,8.32,81.97,211
图纳密游戏,3,1.22,81.96,227
souvenir circ.,3,6.16,81.93,648
Solecismic Software,3,21.66,81.91,569
Child-Dream,3,2.72,81.89,98
Element Games,3,7.07,81.89,619
Little Horror Studios,3,3.51,81.86,225
Eragone,3,2.61,81.82,33
Failbetter Games,3,8.14,81.82,12974
Gernot Frisch,3,22.66,81.82,29
Homeworks Studios,3,2.33,81.82,12
M2H,3,2.32,81.82,2517
The VALIDATE Network,3,0.0,81.82,11
corrox,3,0.8,81.82,11
OneManOnly Studios,3,14.46,81.75,85
Paintbucket Games,3,7.79,81.73,3704
JAYFLGAMES,3,6.99,81.72,874
Runner Duck,3,5.83,81.71,18491
Syun-kan Flowlighter,3,11.66,81.69,199
Feodosiy,3,1.32,81.68,275
Potion Junkies,3,6.32,81.68,164
Rocket Monster Games,3,1.32,81.67,43
Holyday Studios,3,0.0,81.66,9632
Phodex Games,3,9.49,81.66,331
FossettGaming,3,1.74,81.63,218
Tayfun Tuna,3,1.09,81.62,203
Bugbear,3,12.99,81.61,41475
mibix,3,1.99,81.61,113
MCGames,3,0.0,81.59,88
Grounding Inc.,3,16.24,81.58,2222
株式会社Metaware,3,5.99,81.56,59
人型ですカオス,3,4.66,81.55,466
CASCHA GAMES,3,4.66,81.53,440
Appnormals Team,3,3.42,81.49,686
Marvelous Games,3,2.66,81.49,606
HuCang Studio,3,8.92,81.48,357
Mire Studios,3,2.07,81.48,24
Return To Adventure Mountain,3,2.66,81.48,703
MasterCode,3,6.06,81.46,5518
Studio Namaapa,3,2.07,81.46,224
OnionMilk,3,2.86,81.42,79
Erik Svedäng,3,2.39,81.41,973
Endlessfluff Games,3,10.32,81.39,4381
Twisted Pixel Games,3,1.99,81.39,1024
Midhard Games,3,3.89,81.36,2259
Potatobrain Games,3,8.66,81.33,82
Fireglow,3,2.39,81.32,970
Gordon Little,3,3.46,81.32,272
LavaMind,3,7.49,81.32,306
9Garden,3,1.16,81.31,867
Bluish-Green Productions,3,2.62,81.31,37
WONG KWAN CHI,3,1.33,81.28,28
OMEGABYTE,3,0.98,81.25,10
Pedro Henrique Baretta,3,1.27,81.25,11
Spirit,3,3.29,81.25,17
上海烛龙信息科技有限公司,3,9.66,81.25,56056
Antti Vaihia,3,2.19,81.23,205
Studio Oleomingus,3,0.0,81.23,453
Chaos Entertainment,3,8.06,81.21,160
Keybol,3,2.99,81.19,529
SOFTSTAR TECHNOLOGY(SHANGHAI),3,6.27,81.18,2534
Trickster Arts,3,9.99,81.17,695
Hejled Studio,3,1.66,81.16,55
oophok,3,8.32,81.16,100
Delta Arcade,3,1.66,81.15,86
Pandaroo Interactive,3,5.66,81.15,142
7Levels,3,9.14,81.14,367
Bulwark Studios,3,5.61,81.14,29859
Protoria Studios,3,3.51,81.14,134
Anarchy Games,3,1.66,81.12,838
Konfa Games,3,2.87,81.12,8336
yeswecamp,3,2.91,81.12,4894
SpaceOwl Games,3,13.82,81.11,1441
Unseen Interactive,3,1.74,81.09,291
Aquila Games,3,0.69,81.03,44
codegamerstudio,3,0.49,81.02,38
Dreamlight Games,3,2.32,80.99,28
Hero Concept,3,1.91,80.89,889
MakhamDev,3,4.99,80.86,192
Ilan Papini,3,36.66,80.85,365
OfficialAndy,3,0.49,80.84,4804
Volfson Studios,3,2.99,80.79,20
Freakinware Studios,3,0.0,80.78,16455
Object Software,3,1.99,80.78,290
PurpleSloth,3,3.82,80.78,171
DuGringo,3,0.87,80.77,26
IPACS,3,58.19,80.77,3026
Muzzy Lane Software,3,6.66,80.72,1012
Cyber Rhino Studios,3,1.82,80.7,345
Nussygame,3,0.0,80.69,932
AppleCoffee,3,6.66,80.68,313
U-Secret Studio,3,7.09,80.68,5553
Glowstick Entertainment,3,4.53,80.67,24510
1C: Maddox Games,3,1.33,80.61,5560
BluSped Studio,3,3.15,80.58,77
Digital Kingdom,3,1.66,80.58,125
Hardy Games,3,0.82,80.58,91
Cogent Education,3,5.32,80.56,15
Ash Jackson,3,3.96,80.53,29
Timeslip Softworks,3,6.52,80.53,361
Angry Mob Games,3,2.79,80.48,1976
yeo,3,6.56,80.47,4121
Game Star,3,3.47,80.45,1553
Libragames,3,6.52,80.45,85
bluffman,3,8.99,80.43,268
Devespresso Games,3,1.33,80.42,1429
Infinity Plus 2,3,4.0,80.4,8790
Ryan Saunders,3,2.99,80.4,292
VRIDGE INC.,3,7.49,80.4,53
Trippin Bears,3,6.46,80.39,204
孤单工作室,3,1.19,80.36,33
bHaptics Inc.,3,1.66,80.31,44
Todist,3,1.74,80.3,20
Totally Games,3,4.99,80.26,1360
NITRO PLUS,3,16.99,80.24,1332
Peepod Inc.,3,3.49,80.21,44
Webcore Games,3,3.33,80.21,257
VDVO CO,3,0.58,80.2,149
Digital Dreams Entertainment,3,19.99,80.16,1120
Alliance Arts,3,16.49,80.15,1975
4 Fun Studio,3,6.32,80.14,123
David Lewis,3,1.06,80.14,77
Shadow Factory,3,2.66,80.12,51
Digixart,3,3.32,80.1,23125
Poly Poly Games,3,2.27,80.1,103
Afternoon Games,3,2.24,80.0,8
Fuyu Games AB,3,0.82,80.0,6
Horsefly Games,3,3.77,80.0,26
Keycap Games LLC,3,4.82,80.0,104
Lizard Hazard Games,3,10.99,80.0,246
Lunar Penguin Media LLC,3,1.66,80.0,6
Pasha Bin,3,0.99,80.0,6
Suncats,3,0.0,80.0,20
Timon Softa,3,0.59,80.0,10
Double Eleven,3,9.32,79.97,1912
HypeTrain Digital,3,6.83,79.96,14657
Departure Interactive,3,8.49,79.95,1285
Kibou Entertainment,3,5.66,79.9,51
Kabuk Games,3,0.46,79.89,150
Piranha Games Inc.,3,9.99,79.88,29543
RedPunch Studios,3,1.05,79.86,64
The Secret Games Company,3,3.49,79.85,1676
Jupiter Lighthouse Games,3,6.02,79.84,73
The Bearded Ladies,3,8.74,79.83,22275
Ultaan Games,3,3.89,79.83,149
Ghost Games,3,3.86,79.81,185512
LuftWaffel,3,0.92,79.81,167
WildArts Games,3,7.36,79.81,517
Orbital Knight,3,4.66,79.8,159
SoloQ,3,2.09,79.76,420
Strength in Numbers Studios,3,5.99,79.72,109
Noble Master LLC,3,0.0,79.66,3586
3f Interactive,3,2.82,79.65,1843
Garage Heathen,3,2.71,79.63,3795
Offworld,3,12.62,79.63,266237
Silver Machine Studios,3,1.04,79.63,312
SLAM AWAY GAMES,3,4.59,79.62,212
Wooden Monkeys,3,2.99,79.62,1565
疯王子,3,2.05,79.61,1188
Dim Bulb Games,3,2.99,79.6,1710
Musclebird,3,6.66,79.59,77
Titan Art Games,3,3.64,79.55,44
Clickteam,3,16.99,79.53,2212
Rodrigo Banzato,3,1.39,79.51,130
de Fault,3,1.0,79.51,808
Demagog Studio,3,5.74,79.47,1974
Yunkai,3,0.0,79.46,36
Grey Havens,3,0.0,79.43,26285
SD,3,1.24,79.42,802
Glasscannon Studio,3,1.46,79.37,308
Synersteel Studio,3,4.82,79.37,31
Shenzhen Zhonglian Interactive Technology Co.,3,4.92,79.34,155
Cabbit,3,10.86,79.32,1000
Urban Games,3,4.82,79.32,41851
Altar Games,3,1.46,79.31,2835
Dex Games Studio,3,2.06,79.29,72
Archiact,3,4.32,79.27,428
BeardedBrothers.games,3,5.83,79.27,999
Assult,3,1.01,79.23,76
Sam Barlow,3,6.66,79.23,12641
Frosty Pop,3,5.66,79.22,106
Interactive Fate,3,6.12,79.19,1592
COSDOTS,3,4.11,79.17,54
Ladia Group,3,2.09,79.17,75
Pixel Lion Studios,3,0.66,79.17,11
CJ,3,1.49,79.16,16
Voge_Games,3,0.0,79.16,14
O. Kaya,3,1.33,79.14,178
Liz-Arts,3,4.57,79.12,418
Puny Human,3,0.33,79.11,5985
Five Mind Creations,3,6.69,79.09,687
Lavaboots Studios,3,5.82,79.09,3955
Sierra On-Line,3,3.59,79.08,575
Mark Schramm,3,9.99,79.07,77
IObit,3,0.0,79.05,10658
Sander Bos,3,2.24,79.02,139
BovinoSoftware,3,3.99,79.01,139
Gameloop,3,4.12,79.0,125
Iriya72,3,0.99,78.99,180
Toydium,3,16.16,78.95,192
Empyrean,3,6.82,78.93,95423
Ricardo Alonso Pina,3,0.25,78.93,72
Wizard Games Inc,3,8.66,78.91,163
daimaGAME,3,5.16,78.89,58
eiloware,3,1.05,78.89,27
易远游戏,3,1.19,78.88,131
Cykyria,3,0.93,78.84,66
Termeno,3,0.99,78.84,60
Cuddle Monster Games,3,4.57,78.83,504
Fibrum Limited,3,5.66,78.83,564
FarkasInteractive,3,6.32,78.8,235
KameGames,3,2.32,78.79,14
Drageus Games S.A.,3,0.71,78.75,35
I'm moralist,3,11.14,78.7,280
Metthink,3,3.33,78.69,87
Hoochoo Game Studios,3,7.8,78.64,1510
BUSAN SANAI GAMES,3,0.5,78.63,184
Cornfox & Brothers Ltd.,3,8.24,78.63,2271
Anton Shatalov,3,1.99,78.61,32
Void Dimensions,3,11.66,78.58,77
Babooshka Bytes,3,1.99,78.57,9
Michigames,3,7.82,78.57,8
Shawn Perolis,3,2.16,78.57,78
mobaroid,3,1.33,78.57,14
Sysreb Games,3,2.39,78.55,91
ZGame Studio,3,1.02,78.55,48
Ascaron Entertainment ltd.,3,1.82,78.52,2138
Brandtner,3,0.89,78.52,20
DOG HOGGLER,3,8.26,78.52,3874
Extend Studio,3,9.99,78.51,1213
Playtonic Games,3,17.66,78.5,6526
Milky Tea Studios,3,4.76,78.49,1161
Outerlight Ltd.,3,1.16,78.48,7953
bati,3,4.42,78.46,249
Half Human Games,3,6.34,78.43,574
Volha,3,0.99,78.42,393
Morion Studio,3,1.66,78.41,457
zzeerr,3,2.51,78.41,34
2Awesome Studio,3,5.59,78.4,1073
Killed Pixel Games,3,0.75,78.4,90
Silverware Games,3,3.66,78.38,223
aburasobabiyori,3,2.16,78.38,474
Side Group,3,0.52,78.36,79
Zhongce Games,3,4.32,78.35,1005
1Monkey2Brains,3,2.99,78.33,28
Irrational Games,3,3.32,78.29,141493
Convoy Games,3,1.91,78.27,1674
Kabam Games,3,0.0,78.27,16928
DP CORPORATION,3,5.99,78.21,16
iRacing.com Motorsport Simulations,3,19.82,78.17,5410
A.Y.std,3,1.59,78.15,6358
Alkemi,3,3.82,78.14,1847
Gaugepunk Games,3,7.41,78.09,2271
Tiny Bull Studios,3,7.82,78.09,739
追风的鱼,3,2.66,78.08,165
Weappy Studio,3,3.32,78.07,18481
Nawia Games,3,2.56,78.04,1472
Panic Ensues Software,3,6.59,78.04,404
Rumata Lab,3,4.39,78.03,157
Stopshut,3,3.32,78.0,31
Greenolor Studio,3,0.93,77.98,248
LIV Inc,3,0.0,77.97,941
Awem Studio,3,9.99,77.96,83
Ion Storm,3,3.51,77.93,19292
Hack The Publisher,3,7.49,77.91,368
eMedia Music,3,28.16,77.91,46
U-ROOM,3,12.59,77.89,886
KAIKO,3,6.66,77.85,23409
Marius Popa,3,4.99,77.85,50
FMV Interactive,3,8.46,77.83,30
LizardFactory,3,1.59,77.83,581
Straight Back Games,3,2.99,77.81,85182
Gluten Free Games,3,2.83,77.8,491
Interactive Stone,3,1.32,77.79,1640
3D Visualisation Aesthetics Lab,3,0.0,77.78,18
CataStoica,3,1.32,77.78,20
EllGames,3,2.99,77.78,6
PULSMO,3,3.13,77.78,33
Szekretar,3,8.32,77.78,9
Titanzzz,3,0.66,77.78,9
zhangzhaogong,3,1.33,77.78,18
梦影幻忆,3,0.0,77.78,18
KX Games,3,12.32,77.75,537
SmiteWorks USA,3,0.66,77.75,2142
Igniting Spark Games,3,6.99,77.74,269
Whim Independent Studios,3,3.66,77.73,41
Airborne Games,3,4.99,77.68,354
Reply Game Studios,3,2.49,77.67,3107
Platuro,3,1.99,77.63,102
Verto Studio LLC,3,7.99,77.61,29
Standing Stone Games,3,0.0,77.6,37049
EnigmaDev Studios,3,0.53,77.59,166
Flazm,3,7.38,77.56,724
不重要,3,1.49,77.55,49
Game On Production,3,2.09,77.52,73
Vivid Games S.A.,3,6.66,77.5,1420
Jaemoon Choi,3,2.66,77.48,49
Yuna Studio,3,0.56,77.45,338
Electric Monkeys,3,3.57,77.42,267
Snow Day Software,3,2.24,77.4,81
Breaking Dimensions,3,3.71,77.38,495
PixelMouse,3,0.49,77.35,2285
Lienzo,3,2.79,77.24,297
Crashable Studios,3,4.66,77.15,198
Milan Toth,3,0.0,77.15,74
Signal Studios,3,8.29,77.15,2822
1C Wireless,3,0.99,77.13,497
Proxy Studios,3,12.82,77.1,16863
ALLAF GAMES,3,2.36,77.06,813
Game Swing,3,3.82,77.04,478
UKZ Arts,3,0.66,77.03,109
Soaring Games,3,3.33,77.0,55
Symphonic Games,3,6.66,77.0,157
Clock Wizard Games,3,6.32,76.92,22456
MOBSoft Funstuff Inc.,3,6.66,76.92,13
AAAGAMES,3,6.66,76.9,231
Alzan Studios,3,6.66,76.79,735
zelun_,3,1.33,76.79,70
Luminous,3,4.0,76.77,5790
2K Marin,3,3.32,76.76,52827
G5 Software,3,0.82,76.76,451
Pirate-Rob,3,6.59,76.74,743
Uncle Frost Team,3,1.97,76.74,200
Tall Guy Productions,3,3.33,76.73,101
No Future,3,8.66,76.72,179
Fancy Factory,3,8.33,76.7,41
Admia,3,1.66,76.68,270
Infinite Level,3,1.53,76.67,24
NecoPlanet,3,3.47,76.67,18
Scarlet Whale,3,4.99,76.67,23
Vimes Entertainment,3,0.99,76.67,110
ZOJIN,3,0.0,76.63,43
Foamy,3,1.0,76.55,53
Simon Au Yeung,3,2.01,76.53,733
ALEKSANDER CHEPAIKIN,3,10.32,76.52,156
League of Geeks,3,13.74,76.52,18197
Tryzna83,3,4.49,76.5,174
IriySoft,3,1.09,76.4,1001
Algorocks,3,3.74,76.39,316
Zatun,3,11.66,76.39,41
Gabriel Lopez,3,5.32,76.36,31
PROJECT YNP,3,20.66,76.34,127
Sangwoon Jin,3,3.99,76.33,315
bumblebee.,3,11.86,76.31,857
Galart,3,0.69,76.3,658
ATOMIC BREATH,3,2.32,76.29,510
Nate Sanders,3,1.99,76.24,606
Weird and Wry,3,6.42,76.24,2597
Black Eye Games,3,3.49,76.23,2926
Burak Dabak,3,6.82,76.22,4960
Boujin 【棒陣】,3,4.72,76.21,35
Alpha Wave Entertainment,3,3.41,76.19,292
Light,3,2.32,76.16,27
Max Loh,3,7.57,76.16,480
Tiny Trinket Games,3,8.08,76.16,1025
Team2Bit,3,2.32,76.15,340
BG Productions,3,1.79,76.13,11605
xproject,3,0.49,76.1,93
Cryptic Studios,3,0.0,76.08,62912
8Floor,3,6.49,76.07,77265
KINGSGUARD GAMES,3,5.33,76.04,44
Scary Bee LLC,3,0.0,76.03,1470
KTX Software,3,1.41,76.02,818
Big Boat Interactive,3,3.14,76.01,1987
Cozy Cabin Studios,3,2.49,75.97,2213
HassaanAsif,3,1.64,75.93,27
Interplay,3,8.16,75.93,166
Carlos Coronado,3,3.79,75.92,1010
Crania Games,3,8.32,75.9,553
NotGames,3,4.16,75.85,12397
Ovid Works,3,9.99,75.84,1039
taecg,3,1.99,75.82,36
Genuine,3,4.46,75.81,75
Invisible Walls,3,3.66,75.8,6228
Piece of Cake studios,3,4.91,75.8,2901
TankCatGames,3,0.66,75.79,21
Red Thread Games,3,4.74,75.78,6855
Papaya Studio,3,6.99,75.77,742
Indomitus Games,3,13.59,75.75,3124
Bartosz Bojarowski,3,5.02,75.73,397
JW,3,1.32,75.72,2898
MercuryStudio,3,9.49,75.72,789
Sprakelsoft GmbH,3,4.99,75.72,12
Robin van der Horst,3,8.34,75.71,70
Anino Games,3,3.02,75.69,65
BadFly Interactive,3,3.21,75.69,7169
BambuseaeGames,3,0.66,75.68,1688
Crazy DEVs,3,0.69,75.68,69
althi Inc.,3,18.59,75.65,121
Vadd Games,3,1.44,75.62,98
Illuminated Games,3,2.81,75.6,198
Wonderland Kazakiri inc.,3,3.99,75.6,179
liica,3,3.44,75.6,454
AM Playhouse,3,3.23,75.58,86
Revolutionary Interactive,3,7.66,75.56,26
Samobee Games,3,2.58,75.53,778
Storybird,3,1.86,75.52,1312
Giant Fox Studios,3,1.86,75.46,549
Leonard Menchiari,3,6.47,75.46,5283
Bamboo Secrets Co.,3,4.0,75.45,16
Ionized Games,3,3.26,75.45,1218
Necrosoft Games,3,10.02,75.45,103
byMixNez,3,0.49,75.44,183
David Nguyen,3,0.66,75.43,115
Tower Up Studios,3,1.09,75.43,356
4Bit Games,3,7.33,75.41,249
BearfoxBear,3,4.62,75.41,153
Respect Studios,3,0.99,75.4,26
好色猫,3,0.64,75.35,149
HYPER GATE,3,5.32,75.33,21
The Planar Danse,3,5.8,75.32,96
闪艺互动,3,7.66,75.3,20
TM xR Lab,3,1.33,75.29,125
Oscar Brittain,3,6.39,75.28,379
Skyward Digital,3,5.61,75.28,400
DarkDes Labs,3,1.99,75.26,270
Squiggly Games,3,0.33,75.24,22
gamigo US Inc.,3,6.66,75.21,104168
storkyproduct,3,0.33,75.2,108
Curve Studios,3,1.34,75.19,1560
Running Pillow,3,13.32,75.15,99
Anti-Ded GameDev,3,4.32,75.11,121
Alterego Games,3,11.66,75.09,276
Holospark,3,10.32,75.07,2388
CleanWaterSoft,3,0.0,75.05,429
3D FACTORY,3,0.0,75.04,81
Daniel Hood,3,4.16,75.04,72
J. King-Spooner,3,1.72,75.04,460
Ash Game Studio,3,10.99,75.03,677
Wild Pepper Games,3,2.99,75.01,144
Aedian Glair,3,7.72,75.0,4
Altered Games,3,3.99,75.0,216
Ampersand Game Studios,3,2.32,75.0,3
Artur Latkovsky,3,1.08,75.0,24
CBO Games,3,3.32,75.0,16
Fox_Sebby,3,8.66,75.0,7
François Sahy,3,5.99,75.0,10
Genie Gaming,3,3.32,75.0,4
Jake Peng,3,2.99,75.0,7
Karlis Zabers,3,0.0,75.0,15
Kotoshiro,3,5.99,75.0,4
Krisalis Software,3,2.91,75.0,5
Leovigildo Leon,3,1.66,75.0,4
Rocpain Games,3,4.66,75.0,4
SRM Games,3,9.99,75.0,10
Shin Tomura,3,0.0,75.0,8
ShiroNoPanda,3,1.66,75.0,20
Snuggle bug,3,6.59,75.0,4
Tails Games,3,0.9,75.0,32
TamTamGames,3,3.66,75.0,5
Zed Zeek,3,11.66,75.0,20
Bad Seed,3,4.99,74.99,682
Phobetor,3,2.99,74.96,79
RexTo Studios,3,0.49,74.96,48
5 Lives Studios,3,9.32,74.95,6865
Farelas,3,2.92,74.92,165
PanicBarn,3,2.99,74.9,2991
Sphere,3,3.49,74.83,71
Gogii,3,6.99,74.78,125
Vifth Floor,3,3.12,74.78,379
Monster Tooth Studios,3,4.66,74.76,1219
Triple Eh? Ltd,3,8.99,74.66,143
Edco Games,3,0.83,74.63,81
Revog Games,3,6.66,74.63,126
OTTO Games,3,4.66,74.62,810
Sweepy Games,3,6.66,74.62,140
Mutiny Software,3,1.99,74.61,873
Bugbyte Ltd.,3,5.72,74.56,10220
TripleBricksGames,3,1.0,74.56,680
Frymore,3,1.66,74.55,252
Haggard Games,3,1.34,74.55,1948
Global Delight Technologies Pvt. Ltd.,3,22.32,74.49,741
Microids Studio Paris,3,10.26,74.48,4654
Reality Inside Ltd.,3,5.06,74.48,151
Ubisoft Blue Byte,3,5.59,74.48,2327
EYEFRONT,3,1.79,74.47,631
Heatwave Studios,3,0.0,74.47,79
Misc Games,3,8.41,74.47,7025
Beijing Litchi Culture Media Co.,3,4.22,74.45,7313
Flightless,3,3.49,74.44,158
New World Computing,3,2.81,74.44,13
nkmr appworks,3,2.01,74.44,14
Indie Marc,3,0.0,74.42,86
HideChara,3,1.58,74.41,4854
重楼工作室,3,8.33,74.39,5985
Adobe,3,124.99,74.38,146
Cleversan Games,3,6.59,74.38,5376
Xigma Games,3,2.29,74.37,676
JingtuStudio,3,0.5,74.34,166
Tacty Studio,3,3.33,74.31,218
World Map Tycoon,3,2.24,74.31,112
VR Factory,3,11.66,74.25,245
Autarca,3,5.76,74.24,376
digitalbathtub,3,1.66,74.24,71
Pippin Games,3,3.06,74.19,605
SK Team,3,1.24,74.17,289
Spacefarer R&D Ltd.,3,1.99,74.17,25
From The Bard,3,4.32,74.09,188
Mizrab,3,2.66,74.09,112
DesktopMMD Team,3,2.31,74.07,1277
attic Entertainment Software GmbH,3,1.49,74.07,303
Phantom Playworks,3,1.32,74.05,32
HawkX Games,3,0.42,74.03,32
Jiwoo Lee,3,0.66,74.02,154
Open Lab Games,3,5.69,74.02,104
武汉幻狮科技有限公司,3,7.32,74.0,161
Directive Games Limited,3,6.66,73.98,550
Carbon Games,3,2.74,73.96,11280
BadTaste Studio,3,1.96,73.95,51
Indie,3,4.0,73.94,44
ENTERi,3,0.6,73.91,1287
Anima Project,3,19.99,73.85,870
Big Red Eight,3,1.67,73.81,205
Raccoons Studio,3,5.97,73.8,2474
Turnopia,3,6.26,73.77,463
Yume Game Studio,3,1.06,73.77,76
Considera Games LLC,3,1.0,73.74,1978
Question,3,12.32,73.74,8053
ILIKESCIFI Games,3,1.66,73.71,235
Massive Galaxy Studios,3,5.99,73.69,672
Apeiron,3,1.34,73.67,1315
Corbie Games,3,10.12,73.66,3280
Koker_007,3,0.79,73.66,133
Uncorporeal Systems,3,0.0,73.66,93
CubeCube Sports Ltd.,3,2.39,73.65,2648
RealityRig,3,2.99,73.64,103
ANG People s.r.o.,3,11.33,73.53,129
IRON GAMES,3,4.33,73.53,22
WindThunder Studio,3,4.33,73.53,1685
Headroom.one,3,6.66,73.51,25
UL,3,4.16,73.5,603
Simple Touch,3,3.99,73.49,155
Spectral Illusions,3,5.9,73.46,475
Gamesandapps,3,1.33,73.43,27
磷光工作室,3,4.86,73.43,60
wk,3,4.33,73.41,38
Big City Lab,3,11.49,73.4,51
Bloody Pixel Games,3,1.74,73.37,1296
Hoffnung Haydn,3,5.42,73.34,11
Kurayami Yume Games,3,3.66,73.34,25
Manja Studio,3,0.59,73.34,14
Matthew Lonsdale,3,5.99,73.34,8
Riv3r,3,2.76,73.34,8
Visage Games Studio,3,1.79,73.33,15
Fly & Wing Studio,3,1.99,73.31,102
FireRing Studio,3,2.59,73.3,49
XenoAisam,3,6.13,73.3,183
Brilliant Game Studios,3,9.66,73.27,19746
HKGamesStudio,3,3.09,73.27,132
White Paper Games,3,11.32,73.25,1155
安格法,3,2.39,73.24,147
Electronic Arts,3,5.32,73.22,14844
Polovey Alexander,3,0.92,73.22,68
Woyboy,3,0.33,73.22,11
Delta Video Games,3,5.33,73.18,75
Misfits Attic,3,8.16,73.16,3424
Tiny Roar,3,1.15,73.16,1103
Bytro Labs GmbH,3,0.0,73.11,9705
PlatinumGames Inc.,3,9.59,73.11,977
Michael Hall,3,0.33,73.06,167
DarkBasicSoftwareLimited,3,56.66,73.05,2542
Mode 7,3,13.32,73.05,3108
IO Interactive,3,3.83,73.04,16745
KAJINOYU,3,1.09,73.01,11
TopCog,3,3.83,73.01,490
Gawkfish Studios,3,6.32,72.99,37
PopTop,3,1.66,72.97,2623
Soyhan Yazgan,3,0.0,72.96,91
Vladimir Kudelka,3,8.49,72.96,254
nobisiko games,3,0.96,72.92,48
Hera Games,3,1.85,72.91,360
Jordan Magnuson,3,0.0,72.91,221
Mighty Games,3,6.66,72.9,1461
Jack Le Hamster,3,2.82,72.78,20
Derrick Does VR,3,0.4,72.73,22
Vona Soft,3,3.16,72.72,1127
WarriorsStudio,3,0.55,72.69,65
Heliocentric Studios,3,5.66,72.68,3507
FireFly Studios,3,10.82,72.67,6196
Stolen Couch Games,3,1.06,72.67,1252
Oriolus Software GmbH,3,19.32,72.64,724
WarDucks,3,6.66,72.6,72
Bumblebee Studios,3,10.41,72.57,298
sur,3,3.99,72.53,180
Yiming,3,3.91,72.5,1007
Caracal Games,3,9.49,72.48,551
Koksny.com,3,8.99,72.46,222
Bugy Games,3,1.22,72.4,169
Tyler Stansfield Jaggers,3,2.28,72.36,50
Lock 'n Load Publishing,3,3.49,72.29,696
4HEAD Studios,3,1.99,72.27,1615
THEEY STORE PTE. LTD.,3,3.99,72.26,165
North of Earth,3,2.49,72.25,847
Dreamverse Entertainment,3,3.99,72.22,12
HecThoor Entertainment,3,4.99,72.22,9
RazDva Games,3,0.52,72.22,13
SPIDERWORKS,3,6.29,72.22,18
非稳态物质-Unstable Matter,3,3.05,72.22,33
Seyloj,3,1.82,72.2,117
Pinokl Games,3,2.32,72.19,14921
BarCoffee Studio,3,0.93,72.17,131
GamersHype Productions,3,0.59,72.17,331
Phung Games,3,3.33,72.17,96
Smilegate,3,13.99,72.13,1387
Grey Gods,3,0.0,72.11,184
Parallel Studio,3,1.39,72.1,1405
WeVery,3,7.32,72.1,36
Deep Dive Project,3,1.09,72.02,39
Toxic Studio,3,2.76,72.0,458
ISVR,3,5.13,71.97,279
Hi-Rez Studios,3,0.0,71.93,11137
Nonadecimal Creative,3,6.79,71.92,841
Screambox Studio,3,8.33,71.91,847
Archimedes Nicholas Xia,3,1.46,71.87,89
Fantasize Games,3,4.86,71.85,1208
WoodenWolf,3,8.33,71.82,125
ComonGames,3,0.83,71.81,6953
Joyful Software,3,4.46,71.8,85
Toxic Dog,3,3.16,71.69,36438
Exquisite Games,3,6.32,71.67,338
Superstring,3,4.21,71.67,171
Where 游戏,3,3.32,71.67,50
Yolopia Ltd,3,6.66,71.67,16
Ironward,3,6.32,71.66,6037
Youshen Interactive,3,5.29,71.66,149
Studio Bidon Games,3,14.99,71.65,49
GAME FREAK inc.,3,9.97,71.63,1307
Rocketeer Games Studio,3,0.0,71.59,9141
Dark Sky Empire,3,0.99,71.56,69
concluse_dev,3,0.66,71.56,637
Krealit,3,1.03,71.53,2313
MrFatcat,3,4.31,71.48,45198
Sand Sailor Studio,3,12.91,71.44,9073
BigBread,3,3.66,71.43,112
cip,3,2.32,71.43,8
SP-time,3,5.04,71.42,2576
r0kee,3,0.54,71.37,112
Ancient Forge,3,10.74,71.36,7237
Lunar Chili,3,2.41,71.32,284
Chim Ruoi Games,3,0.82,71.29,78
Void Studios,3,1.66,71.2,244
Lost Rabbit Digital,3,2.1,71.17,22
Semyon Maximov,3,0.77,71.14,123
Theseus Games,3,2.58,71.12,146
Zoë Mode,3,1.66,71.12,1703
PersonaeGame Studio,3,15.82,71.11,5520
Sentinel Studios,3,2.07,71.11,53
Byte Barrel,3,5.86,71.04,6607
Kelsam,3,2.0,71.01,53
Days of Wonder,3,1.66,71.0,3391
Slikey Games,3,8.32,71.0,437
Deep Shadows,3,5.16,70.98,547
Zolden Games,3,3.49,70.94,232
Triority,3,0.0,70.9,38
Zeta bit,3,3.82,70.88,27
Frank Gallinsky,3,4.33,70.87,57
OneTwoPlay,3,3.16,70.86,222
Criterion Games,3,5.12,70.84,81209
Perk-Citron,3,1.09,70.84,41
Quentin Edel,3,2.99,70.84,7
darksciencelab,3,4.66,70.84,32
Final Boss Entertainment,3,13.32,70.83,628
Alien Cyber Coat,3,9.66,70.79,15
One Up Plus Entertainment,3,6.26,70.76,704
Correcture Games AB,3,3.16,70.75,40
Part Time Monkey,3,2.99,70.73,41
Quad Labs,3,1.16,70.7,157
Seaven Studio,3,2.22,70.64,922
Detalion Games S.A.,3,4.66,70.63,250
Minstrel Studio,3,2.32,70.63,141
SlinDev,3,1.66,70.63,62
The Secret Pie,3,2.09,70.63,163
Big Blue Studios,3,14.07,70.62,178
Yooper Game Studios LLC,3,5.66,70.59,43
Lycian Studio,3,4.22,70.58,167
AfoGames,3,3.29,70.57,39
Magic Cube,3,7.86,70.54,212
RaveGameDev,3,5.66,70.45,58
DNZY Games,3,0.61,70.41,243
Spicy,3,3.66,70.37,54
The Periodic Group,3,5.0,70.37,38
ConfoundGreatJob,3,0.82,70.36,53
Barracuda Disaster,3,0.0,70.26,76
Special Bit,3,3.99,70.25,50
Dupeyron,3,3.66,70.24,13
Cryptic Sea,3,6.42,70.19,3911
Light Era Studio,3,6.92,70.18,101
Chard,3,0.0,70.17,294
Nine Dots Studio,3,11.59,70.16,28753
Particle Systems Ltd.,3,3.12,70.14,103
Just L Studio,3,2.86,70.09,30
Puuba,3,3.12,70.08,564
EM Games,3,0.49,70.02,940
SkyRiver Studios,3,0.39,70.01,679
GrassGames,3,9.99,70.0,22
StopMountain Studio,3,2.56,70.0,30
White Rabbit Games,3,0.59,69.96,441
JMJ Interactive,3,2.78,69.89,411
Pixel Cattus,3,0.99,69.89,27
迟到的南雨亭,3,11.16,69.88,60
Racs Studio,3,0.0,69.84,73
Rachata Suksereekul,3,0.85,69.8,136
Interaction Ideas GmbH,3,0.79,69.77,89
Studio Wildcard,3,10.79,69.77,817857
DYNAMICNEXT,3,0.0,69.76,910
Immersive VR Education Ltd.,3,6.56,69.67,892
André Facchinetti,3,0.99,69.66,40
screwyman,3,1.49,69.64,37
Monte Cristo,3,0.82,69.58,467
Galaxy Gate,3,0.0,69.56,1624
Pixellore Inc,3,8.02,69.51,2047
Kheops Studio,3,1.39,69.5,1239
Most Wanted Entertainment,3,1.16,69.5,1209
Jani Penttinen,3,14.99,69.49,128
Upstream Arcade,3,5.82,69.45,2814
Adam Cs,3,1.11,69.44,18
Lucid Pixel,3,9.32,69.44,28
OKONNAYA RAMA,3,2.16,69.44,32
独立游戏Sun_Official,3,2.08,69.44,11
DM Media,3,1.07,69.37,229
Idle System,3,0.0,69.31,958
Monochrome,3,2.66,69.3,16137
Laush Studio,3,1.25,69.28,184
Pyrodactyl,3,7.99,69.27,538
Matt Workman,3,73.32,69.26,543
Seasonbean Team,3,1.49,69.23,26
VRUnicorns,3,2.99,69.23,144
WFS,3,0.0,69.17,1865
MOEKOUBOU,3,9.96,69.1,178
Alister Software,3,0.99,69.05,959
Amaury Hyde,3,0.64,69.03,60
Igor Krutov,3,0.55,69.03,1454
Himalaya Studios,3,1.74,69.02,278
REX PEX GAMES,3,0.69,69.02,370
PsychoRavens,3,3.66,68.94,771
LukasH,3,7.66,68.93,113
Michael Hicks,3,7.52,68.92,86
MADia Entertainment,3,0.99,68.84,257
Mi-Clos Studio,3,3.49,68.8,3253
Gaming-Apps.com,3,7.66,68.78,108
Ripstone,3,6.76,68.78,2884
Xyak-Xyak,3,0.72,68.78,261
CreaTeam,3,1.24,68.76,400
Nezon Production,3,4.99,68.67,7431
Mehan Games,3,13.22,68.65,1319
Venekamp Studios,3,10.99,68.65,38
DESTINYbit,3,7.16,68.62,3468
Ilex Games,3,5.66,68.54,2713
TickTock Games,3,1.98,68.53,2097
Zero Games Studios,3,7.16,68.52,54
roflinka games,3,0.86,68.52,30
Ruskija Game Experience,3,0.62,68.48,128
Uluni Games (Inh. Nils Wenzler),3,2.82,68.46,24
Wonder Games,3,10.99,68.35,173
Dazzling Divine,3,0.41,68.34,37
Hidden Path Entertainment,3,2.57,68.34,8327
Rubens Games,3,5.59,68.34,439
No Pest Productions,3,1.82,68.28,663
RLTY CHK,3,2.66,68.27,167
Demin Games,3,0.99,68.26,28
The Domaginarium,3,1.74,68.22,202
Kucki,3,4.19,68.14,140
Astralis Games,3,0.49,68.11,648
Ziggy Makes Games,3,1.39,68.11,78
Finish Line Games,3,4.66,68.08,2301
Mooneye Studios,3,29.99,68.03,5127
aDeCon Production,3,7.32,67.98,32
DigitalDNA Games,3,2.99,67.92,11179
OverPowered Team,3,5.02,67.92,313
AtomicTorch Studio,3,8.32,67.91,7142
10101 Software,3,0.0,67.85,56
ZAR 21,3,1.06,67.84,1074
Camex Games,3,0.0,67.83,115
Enki,3,9.99,67.83,1657
Stonepunk Studios,3,12.32,67.8,177
Petter Malmehed,3,0.5,67.79,67
Fishcow Studio,3,0.68,67.73,1866
Verbal Chambers,3,0.56,67.72,217
Avelar Studios,3,1.66,67.66,125
TUTGame,3,4.18,67.66,4078
SOGA Std,3,4.19,67.65,361
ValarFerys,3,5.02,67.65,22
No Bull Intentions,3,1.49,67.62,204
Tuesday Quest,3,5.05,67.61,99
Egutidze,3,0.59,67.58,182
Hitori De Productions,3,4.96,67.54,1241
Ludipe & Friends,3,2.12,67.52,97
SiBear Games,3,2.41,67.52,186
Travian Games GmbH,3,2.66,67.5,184
wozitdev,3,3.46,67.5,40
Jochen Heizmann,3,0.33,67.45,86
Valentware Games LTD,3,0.75,67.44,43
Ali Kaan BAŞHAN,3,0.66,67.42,31
Patrick Kelley,3,68.33,67.41,25
M11 Studio,3,2.09,67.33,463
Emre Şahin,3,4.16,67.31,62
Team Ryzal,3,0.99,67.31,70
Huy Phan,3,8.99,67.26,245
LilMemes Production,3,0.49,67.25,248
Woodland Games,3,4.49,67.23,2544
Bionic Pony,3,0.63,67.22,31
Raven Games,3,6.96,67.22,31
devotid,3,7.41,67.15,5729
AbstractArt,3,0.92,67.14,3997
Andrew Grbac,3,8.66,67.1,19
socah development,3,0.0,67.09,98
Akatsuki Games Inc.,3,7.46,67.07,4834
Grégory Joerger,3,0.59,66.95,44
Nick,3,2.0,66.91,225
Wild Monkey,3,2.22,66.9,454
Charyb Games,3,1.99,66.85,572
Mk-II,3,0.55,66.84,308
VARSAV Game Studios,3,8.07,66.81,1509
Nuno Donato,3,0.51,66.76,700
AQURIA Co.,3,10.66,66.72,9326
AvrillionArts,3,4.66,66.67,6
Blindsided Games,3,1.99,66.67,6
DIRECTOR'S CUT,3,2.02,66.67,9
DarkLordGame,3,2.19,66.67,19
Denda Games,3,3.35,66.67,3
Fountain Game Studio,3,9.99,66.67,21
Hexxx Game Studio,3,1.72,66.67,3
Inspiring Games,3,3.66,66.67,5
James Butler,3,0.33,66.67,3
Konnichiwa Games & Media,3,5.99,66.67,5
Magic Dragon Games,3,3.66,66.67,4
Mibli,3,0.0,66.67,18
One-Hand-Free Studios,3,1.69,66.67,6
Petal Sakura,3,0.66,66.67,3
Phoesion,3,5.66,66.67,37
RoundTable Games Studio,3,7.99,66.67,16
Samet MUMCU,3,4.32,66.67,5
Synthetic Forms,3,0.0,66.67,10
Tag 44/24,3,5.52,66.67,10
ZHANG LIDONG,3,1.99,66.67,5
Andrei Uvarov,3,2.32,66.66,4
JIYUTORISEI,3,1.76,66.66,14
Pedro Gilabert,3,0.0,66.66,16
Richard Letran,3,2.92,66.66,5
VArtStyleGames,3,9.32,66.66,5
Xcogames LLC,3,8.22,66.66,4
Vencious Games,3,1.66,66.55,586
Bashir ManliestDev Kashalo,3,7.32,66.52,597
me,3,0.99,66.51,36
Underbite Games,3,12.99,66.48,476
Waraní Studios,3,2.33,66.47,176
Lightning Man Media,3,2.99,66.46,635
Superstruct,3,0.0,66.46,112
SnowFlame,3,0.99,66.42,2590
Dima Fyuriy,3,0.33,66.39,66
Darius Bode,3,5.24,66.34,785
Hanabira,3,4.41,66.32,572
MS GAMES,3,8.96,66.32,2097
TDOG STUDIOS,3,2.02,66.32,25
Tommy Gun Walrus,3,2.76,66.19,24
Mixtor,3,0.62,66.11,32
Delirium Tremens Games,3,1.99,66.1,413
TopSkyGames,3,0.75,66.07,236
Twin Sails Interactive,3,4.09,66.07,1604
Drakkar Dev,3,4.57,66.06,474
Struct9,3,4.99,65.97,115
DL Softworks,3,0.58,65.92,4572
Madar Games,3,0.79,65.87,339
Yun Seven,3,5.62,65.87,21
Kekdot,3,2.99,65.85,627
8th Shore,3,9.32,65.81,95
EastFog Studios,3,1.92,65.8,647
Jason Rohrer,3,3.82,65.8,4883
Swamp Scarecrow Games,3,0.59,65.71,37
Triskell Interactive,3,5.31,65.71,5790
GridSky Software,3,6.42,65.67,142
Daisu Games,3,3.52,65.63,454
Circle Gyu,3,7.99,65.62,246
Slavomír Jurkovský,3,0.0,65.62,32
Fenous,3,0.49,65.61,53
AND GEAR,3,6.29,65.56,10
滑稽工作室,3,6.66,65.56,9566
Caro Builders,3,10.64,65.55,178
VRdevelopment,3,9.32,65.55,20
VS Entertaiment,3,1.39,65.55,14
Editmode,3,3.49,65.5,148
Haruneko Entertainment,3,1.49,65.49,1005
ELIOT,3,13.32,65.48,22
Igor Migun,3,0.5,65.44,161
Jugilus,3,8.32,65.37,105
Lightning Games,3,0.0,65.37,67
Ashnell Games,3,2.36,65.34,289
Code}{atch,3,5.82,65.33,18018
Jack Gloyens,3,5.99,65.32,45
Drakhar Studio,3,6.82,65.3,175
Nosebleed Interactive,3,5.82,65.27,1890
MV JPL,3,0.83,65.19,201
Mr. Nutz Studio,3,3.74,65.19,414
Esenthel,3,3.33,65.18,117
Martysh Oleksandr,3,6.32,65.13,32
Dlala Studios,3,9.59,65.12,2209
SureAI,3,9.99,65.12,85
Gattai Games,3,16.66,65.11,849
yayapipi,3,3.66,65.1,110
damian3k,3,0.59,65.0,144
Tokyo RPG Factory,3,13.16,64.94,2273
Ubisoft Romania,3,2.49,64.91,3833
Square Gem Software,3,5.66,64.87,38
Matrix Games,3,11.99,64.86,1125
Eternity Dev,3,1.86,64.81,18
Goober Games,3,4.33,64.8,41
Flynn's Arcade,3,1.72,64.77,489
Frozen Logic Studios,3,2.31,64.77,38
JOYCITY,3,3.33,64.75,12661
dorgel,3,5.19,64.75,91
Hut 90,3,0.96,64.7,57
市松製化,3,7.16,64.69,414
Shanghai huan zhen Info Tech Ltd,3,7.39,64.68,1626
KY XE,3,3.66,64.65,145
Nevercenter,3,11.8,64.63,128
Freeze Tag,3,5.34,64.57,99
Xaviant,3,7.66,64.57,20442
A Crowd of Monsters,3,3.01,64.5,1493
Bebop Games,3,5.66,64.44,712
做阴游的林某,3,2.32,64.44,15
AIONWARE LTD,3,11.71,64.42,153
BonusXP,3,6.66,64.38,328
Eren Aydin,3,0.69,64.36,948
Roy,3,4.66,64.34,167
NamaTakahashi,3,5.02,64.29,28
Obsessive Science Games,3,7.32,64.29,30
Rotech Digital Ltd,3,3.66,64.29,18
Octeto Studios,3,4.74,64.22,231
James Horn,3,3.32,64.2,75
Ravn Studio,3,16.32,64.14,371
UNICORE Games Studio,3,2.76,64.11,93
Cat In A Jar Games,3,0.0,64.1,399
MysteryTag,3,1.02,64.07,373
Berzah Games,3,3.99,64.05,600
CASGames,3,0.99,63.98,90
PinkPeachStudio,3,3.06,63.94,903
Realityocean Games,3,11.41,63.94,42
LbGamess,3,3.66,63.89,13
Key Realm Studios,3,9.32,63.8,59
Argus Games,3,3.33,63.78,452
ZeroByter Games,3,1.59,63.77,117
Shotgun with Glitters,3,1.72,63.76,196
Atapki,3,0.49,63.72,244
MeanAstronauts,3,4.89,63.66,967
Broken Bear Games,3,2.66,63.65,692
Epiphany Games,3,3.79,63.64,179
Infogrames Europe SA,3,6.16,63.64,40
Forestlight Games,3,2.89,63.52,332
Emprom Game,3,2.32,63.48,692
Tydecon Games,3,2.79,63.47,35
xHARDHeMPuS,3,1.8,63.46,73
Double Helix Games,3,5.82,63.41,8615
Jony Dev,3,2.19,63.35,85
SIEIDI Ltd,3,4.49,63.35,452
12x1 Doze Por Um Studio,3,0.0,63.34,14
Jether,3,0.75,63.34,39
Xeaker,3,9.41,63.34,8
Rogue Factor,3,11.32,63.27,10938
Anime squad,3,0.99,63.24,100
Big Bird Games,3,1.41,63.23,19
Arttu Tuovinen,3,0.0,63.13,86
TLR Games,3,1.16,63.1,154
CAGE Studios,3,4.36,63.07,558
Blacer Studio,3,1.46,63.04,56
Curious Studio,3,6.66,63.03,66
Start VR,3,2.66,62.98,98
Aratog LLC,3,0.16,62.97,467
Zenimax Online Studios,3,0.0,62.97,2446
HANNMADE Studios,3,0.92,62.96,34
Rubilaxe,3,1.16,62.96,11
Mysterytag,3,0.73,62.9,366
Energy Milk,3,6.66,62.79,141
Sinn Studio Inc.,3,15.66,62.72,695
i273 LLC,3,0.0,62.63,255
KATSU,3,3.99,62.62,51
Pixel Federation,3,1.66,62.58,2286
SOFTSTAR TECHNOLOGY(BEIJING)CO.LTD,3,4.81,62.54,353
Good Games,3,7.32,62.51,640
Azimuth team,3,0.82,62.5,6
Encore Software,3,33.32,62.5,12
Evgeny Petrov,3,0.49,62.5,62
Fun Workshop,3,3.06,62.5,14
Grey Sekiya,3,2.99,62.5,6
Napping Penguin,3,3.66,62.5,13
Sickhead Games,3,4.56,62.5,6
SoG,3,5.99,62.5,20
Wu Zhang,3,7.32,62.5,9
windfallsoft,3,11.66,62.5,6
DIGITAL ART TEAM,3,2.99,62.46,25
Destroyer Doggo,3,3.33,62.37,319
Polygon Dust Entertainment Ltd.,3,1.99,62.32,28
梵天游戏,3,0.0,62.31,728
Donuts Co. Ltd.,3,21.66,62.29,61
Parallax Arts Studio,3,1.42,62.28,269
Ground Control Studios,3,5.11,62.22,40
Holomia,3,0.66,62.12,58
Aterdux Entertainment,3,3.46,62.06,2136
Green Cube Games,3,1.99,62.04,41
Industry Games,3,0.3,62.03,4612
Eugene Zubko,3,2.52,62.02,3280
Vadd games,3,0.66,62.02,125
Calepin Studio,3,3.49,62.01,178
Reddoll Srl,3,1.46,62.01,245
GammaLateral,3,4.99,61.9,79
WeSummonDemons!,3,4.32,61.84,56
IL YA,3,0.0,61.64,232
Crystalia Games,3,8.33,61.61,207
PlazSoft,3,1.49,61.55,254
Uberbax Gaming,3,1.32,61.54,13
SDC Ventures,3,3.07,61.48,78
Invent4 Entertainment,3,1.06,61.44,16037
JDM4iK Games,3,0.49,61.41,5168
Lantana Games,3,8.32,61.34,57
DeanForge,3,6.32,61.3,134
Gamenergy studio,3,8.19,61.29,96
Little World Studio,3,0.94,61.28,129
EY-Studio,3,7.16,61.23,601
Frogdice,3,8.33,61.13,1380
Lcc,3,2.32,61.13,80
Peter Labick,3,0.33,61.12,109
Kaleido,3,6.66,61.11,46
MoonShine Games,3,12.99,61.11,8
Richard Bueno,3,0.99,61.11,47
藤札,3,3.99,61.08,43
Lindero Edutainment,3,1.0,61.07,40
Four Circle Interactive,3,1.52,61.04,4005
Statto Software,3,12.91,60.94,81
Spark Unlimited,3,11.9,60.9,7210
Kingdom Games,3,6.66,60.87,279
Mirage Interactive,3,5.66,60.87,60
nobodyshot,3,0.66,60.82,4202
RedRockGS,3,5.99,60.72,13
Studio Asgard Gaming,3,0.59,60.72,16
FrostFire,3,3.16,60.71,14
Vlad Dunaev,3,2.32,60.69,43
Blueplant Entertainment,3,0.99,60.65,105
Hardcore Studio,3,0.66,60.64,100
Ludact,3,5.82,60.63,21
NextDoorDev Games,3,0.66,60.61,14
Storm Trident S.A.,3,6.42,60.61,365
Hapiwaku,3,0.0,60.52,407
Alekseev,3,8.66,60.44,235
New State,3,5.32,60.42,92
Data Realms,3,10.66,60.35,6529
Obumo Games,3,1.66,60.3,31
OperaHouse Corporation,3,11.16,60.28,183
Sungift Games,3,3.32,60.28,232
NMY Mixed-Reality Communication GmbH,3,1.0,60.2,65
Deck13 Hamburg,3,3.99,60.17,2358
Noble Empire Corp.,3,0.0,60.13,19325
StormCube Games,3,3.99,60.09,766
Ironsun Studios,3,7.32,60.07,693
Snail Games USA,3,6.13,60.03,25096
E Marx,3,7.37,60.0,20
GC Studio,3,2.0,60.0,25
Huhi Games,3,2.02,60.0,10
Molance Games,3,3.62,60.0,7
Starlight Games,3,10.0,60.0,5
Z-Tech Studio,3,2.66,60.0,5
Vogelfänger,3,0.72,59.77,408
Binx.tv,3,0.99,59.72,34
MooCow Games,3,0.99,59.72,13
SourceIn Games,3,3.92,59.71,858
Jim Bame,3,1.0,59.65,40
Seraphim Creations,3,2.32,59.6,111
HUSH Interactive,3,1.93,59.58,1006
Blue Byte,3,5.66,59.49,18518
Kylotonn,3,2.31,59.44,2481
Talentless Person Games,3,2.32,59.44,27
Nic Schubert,3,5.0,59.41,32
EncoderX,3,0.91,59.35,192
Coin Operated Games,3,21.66,59.19,29
Indie Games Studio,3,0.49,59.18,296
Multiverse,3,3.0,59.18,838
SUPERLUMEN,3,3.66,59.14,189
The Light Sword Team,3,2.66,59.14,77
Clapperheads,3,4.58,59.1,2044
Martin Buck Software,3,8.32,59.09,26
Roastery Games,3,6.32,59.09,2102
Beast Of World,3,2.32,59.08,51
Centauri Production,3,3.19,59.08,512
Lunagames,3,2.32,59.07,130
Koalabs,3,3.69,59.06,168
Serious Tangents,3,3.99,59.05,37
GamerzDan,3,2.66,59.02,1960
AEL Entertainment,3,4.32,59.0,153
Dexied Games,3,0.83,59.0,55
The Game Forger,3,1.66,58.99,130
Xelphyre Games,3,10.66,58.98,22
JooGray videogames,3,1.26,58.95,32
Nodbrim Interactive,3,3.16,58.88,206
Artalasky,3,19.99,58.74,328
Tormentor Games,3,1.32,58.61,21
Corpix Games,3,0.99,58.55,400
Mad Labyrinth Studios LLC,3,0.65,58.46,682
Ares Dragonis,3,3.23,58.43,2358
KM Studios,3,1.32,58.36,84
Arational Entertainment,3,4.99,58.34,5
JMAA Games,3,5.99,58.34,30
Akky-06's Lab,3,1.99,58.33,12
Anomalybyte Studio,3,5.66,58.33,24
Mete Deniz,3,0.66,58.33,10
Nerdvision Games,3,7.32,58.33,9
NetDinamica,3,3.32,58.33,8
Space Sheep Gaming Ltd,3,4.99,58.33,10
Studio Night,3,2.99,58.33,8
Yakuentei,3,4.79,58.33,24
furiousDevPhoenix,3,0.69,58.33,8
Kamil Szczepanik,3,0.76,58.2,79
Icarus Games,3,5.07,58.16,202
MyDreamForever_Old,3,1.32,58.14,44
Free Initiative Games,3,0.0,58.1,229
Linked Dimensions,3,9.99,58.09,216
Retroware,3,8.82,57.99,166
Locomotivah,3,1.66,57.93,417
Lucid Sight,3,1.66,57.91,97
BINGOBELL,3,6.35,57.9,906
AL Games,3,0.49,57.78,14
Song Jun,3,21.66,57.78,9
Amfich,3,0.89,57.73,67
GoldFire Studios,3,7.5,57.72,653
Souluted Games,3,0.52,57.66,67
Reality Twist GmbH,3,1.99,57.61,573
Spark Plug Games,3,4.49,57.61,72
Toihaus,3,6.72,57.5,9
Indevelopment Productions,3,1.7,57.45,63
Wobbly Tooth,3,0.99,57.42,266
MGAME Corporation,3,0.0,57.41,506
Red Dev Studio S.A.,3,0.45,57.41,142
HyperKat Games,3,4.99,57.24,179
Dusk Wave Arts LLC,3,6.52,57.14,14
Happy Bat,3,5.32,57.14,17
Vera Polyachenko,3,0.84,57.14,7
Vivid Image,3,3.96,57.14,22
cybereality,3,0.0,57.14,14
超巨大战喵,3,4.87,57.14,7
Lory Games,3,1.33,57.03,886
Ant Design Games,3,1.26,56.87,23
Velvet Paradise Games,3,2.82,56.86,51
Tessera Studios,3,4.66,56.69,115
LIGHTWORKER GAMES,3,4.89,56.67,128
Michael Schade,3,0.0,56.63,150
Cankut Keskin,3,2.66,56.53,363
Raconteur Games,3,5.99,56.53,110
TakeThem.Games (Creative),3,1.14,56.46,44
Holystep Games,3,0.99,56.39,29
Phylliida,3,6.32,56.06,28
Super Games Studio,3,0.66,56.06,26
Ibis Games,3,0.59,56.04,142
Primitive Studio,3,0.51,56.04,210
The Moonwalls,3,4.93,56.02,255
Wildlak,3,10.66,55.94,103
SharkGame,3,2.49,55.91,481
pheenix93,3,1.99,55.71,332
On The Level Game Studios,3,0.92,55.7,337
5dims Inc.,3,14.32,55.66,54
Machine 22,3,13.32,55.61,639
Metal Fox,3,0.49,55.59,99
Kipsaim(Mike) Delgado,3,8.66,55.56,11
Lama glama Game Company,3,2.32,55.56,5
RPG Adventures Team,3,1.0,55.56,104
River Way Studios,3,1.79,55.52,47
Subaltern Games,3,6.66,55.52,103
Pablo Vidaurre Sanz,3,4.99,55.47,750
Groove Jones LLC,3,4.33,55.42,52
Raciebug,3,0.62,55.41,98
Semi Sağlam,3,0.49,55.36,108
AQGames,3,0.79,55.14,76
MMM,3,0.26,55.08,23
PSR Outdoors,3,11.32,55.0,24
N-Game Studios,3,1.19,54.99,511
Ethereal Darkness Interactive,3,1.39,54.96,101
Ackk Studios,3,3.33,54.84,1346
Fly Dream Dev,3,3.84,54.84,109
Ani4Bio Animated,3,3.99,54.77,10
DCG Entertainment,3,3.26,54.77,50
NARAENC,3,8.66,54.77,37
Danicy,3,1.01,54.72,46
Depiction Games,3,9.59,54.55,11
Strata Mixed Reality,3,19.98,54.32,49
Yasha,3,2.66,54.23,95
Fei,3,11.32,54.19,111
GenemesicX,3,2.66,53.96,75
Strong Cube,3,0.0,53.94,80
Sapphire Create.,3,0.33,53.93,60
Twisted Universe,3,0.99,53.85,45
EasyGames,3,0.89,53.83,386
Stonehill Games,3,2.06,53.78,50
Viva Games,3,15.32,53.74,200
Mikhail Melnikov,3,0.49,53.6,392
Max Neet Games,3,4.16,53.57,9
InImages,3,6.32,53.55,421
Gyro-Games Inc.,3,9.99,53.53,71
Janner,3,3.99,53.53,86
Raynmakyr,3,6.79,53.52,172
Nimble Giant Entertainment,3,6.66,53.38,4956
Ahsin Memon,3,0.0,53.33,20
Özgün BURSALIOĞLU,3,2.32,53.33,15
CapPlay Interactive Inc.,3,1.99,53.3,125
piratecat games,3,1.44,53.28,700
Red Iron Labs,3,2.66,53.25,35
Ithiro Sumi,3,5.99,53.23,443
Adaptive Game,3,7.66,52.98,39
Biscuit Play,3,0.72,52.96,59
Little Orbit,3,10.0,52.79,44891
Unicorn Games Studio,3,0.84,52.76,399
ONUR GENCAY GÖKÇE,3,2.19,52.66,67
Emotion Studio,3,1.16,52.65,359
Konsordo,3,3.99,52.63,4544
Next Generation Gaming,3,4.09,52.59,61
Poroshin Develop,3,3.92,52.58,64
Team 21 Studio,3,3.66,52.54,218
NAGINATA SOFT,3,5.69,52.5,46
Black Stairs Games,3,1.99,52.49,92
SZEINER,3,10.32,52.48,133
TAS Systems Corp,3,14.99,52.44,86
Blob Lab,3,8.16,52.38,11
Clock in dream,3,0.64,52.38,19
Shanghai ThinkingBear Network Technology Co.,3,10.32,52.38,25
Fredaikis AB,3,5.0,52.28,34425
Daimen Gaming,3,1.32,52.22,17
Bigmoon Entertainment,3,4.33,52.2,5277
VI GAMES LLC,3,0.33,52.03,229
Twistplay,3,10.66,51.87,74
Orange Blossom,3,0.92,51.81,39
Kiz Studios,3,0.0,51.65,375
Sandra Moen,3,5.76,51.55,78
Zero Sum Games,3,19.99,51.5,3706
Atum Software,3,0.65,51.48,463
Chaos Theory Studios Ltd.,3,7.32,51.39,24
Daniel Henriques,3,1.64,51.39,14
MikeTheTech,3,9.99,51.39,22
A2 Game Studio,3,0.78,51.3,294
John's Project,3,0.82,51.28,37
momoStorm Entertainment,3,1.66,51.21,1441
Daybreak Game Company,3,0.0,51.13,208454
Last Day Of Work,3,2.66,51.13,625
Fivesyounger Development,3,3.99,51.11,33
Albireo Games,3,1.32,51.01,99
Sengkala Dev,3,4.74,50.98,23
Wild Monkeygames,3,0.99,50.95,29
Mardonpol Inc.,3,13.32,50.84,1476
KreizLand Games,3,7.49,50.71,118
Sunday Akor,3,2.33,50.64,45
东风吹,3,5.66,50.64,73
Tiburon,3,32.66,50.58,12862
Grey Wolf Entertainment,3,8.02,50.55,671
PlayWay S.A.,3,7.45,50.53,5835
Bleeding Edge Studio,3,4.16,50.38,55
黑白牛游戏,3,7.32,50.38,48
Classic Game Software,3,0.69,50.35,170
Systemsoft beta,3,50.66,50.31,112
Cyanide,3,13.66,50.3,324
Crenetic,3,9.57,50.29,6018
Indie Game Group,3,0.72,50.25,2895
Aatlantis Code,3,1.86,50.22,98
ARANJA GAMES,3,0.66,50.0,4
Aerilys,3,5.99,50.0,8
Alestore Inc.,3,1.33,50.0,4
Anarky Games,3,2.66,50.0,6
Andreas Otten,3,0.99,50.0,3
Andrew Simon,3,1.49,50.0,5
Blitzwood,3,4.49,50.0,6
Brave Giant,3,1.62,50.0,6
DaWenYu,3,2.99,50.0,4
Eric Behme,3,2.49,50.0,2
Fury Games Pty Ltd,3,0.66,50.0,2
Gameaki,3,1.66,50.0,5
Gaming Limited,3,26.66,50.0,4
Giftzwerg Games,3,1.16,50.0,6
Goodline Games,3,9.32,50.0,16
House of Mallows,3,3.32,50.0,4
IOFiction LLC,3,1.89,50.0,2
InterServ International,3,6.32,50.0,20
IslandWare,3,5.33,50.0,8
Jeddead,3,4.89,50.0,3
Jordan Rott,3,0.95,50.0,5
Killbug Studio,3,3.99,50.0,2
LarcenistGames,3,3.0,50.0,2
Little Tiger Game,3,2.32,50.0,2
Luiz Otávio da Silva,3,10.99,50.0,6
Method 9 Software,3,1.99,50.0,6
OE WORKS,3,3.32,50.0,14
Osando Studio,3,2.49,50.0,4
PredposledniyRubikon,3,0.99,50.0,9
Rangel Oblivion,3,0.74,50.0,2
RocRac,3,0.0,50.0,2
Rookbird Games,3,4.66,50.0,6
Stuart Rutter,3,2.32,50.0,4
Studio SoulAres,3,4.66,50.0,9
Szatkowsky,3,0.59,50.0,2
TTLCIC,3,1.33,50.0,2
Tamalaki,3,1.66,50.0,6
TasteT Games,3,3.49,50.0,8
Wa Tran,3,1.31,50.0,9
Xennial Digital,3,11.66,50.0,3
dayme200,3,2.99,50.0,2
eniscoskun,3,2.66,50.0,4
gamescdk,3,7.66,50.0,4
kjkjkAIStudio,3,0.99,50.0,2
yukitama,3,2.32,50.0,8
Hoki Wolf Studio,3,2.08,49.84,990
Nexvel Entertainment,3,2.32,49.8,38
Avenax,3,1.16,49.35,26
Chatty Pillow,3,0.99,49.23,18
Inlogic Software,3,0.64,49.09,29
SAFING,3,1.66,48.91,77
Went2Play LLC,3,2.91,48.84,58
Strange Games Studios,3,1.66,48.72,21
Meerkat Gaming,3,10.99,48.66,252
Flat Earth Games,3,9.32,48.41,856
PlayDay Co.,3,6.32,48.34,19
Start Warp,3,8.49,48.24,56
Broken Bunny Studios,3,3.99,48.2,55
CUIWENPING,3,0.72,48.15,11
illuminati,3,0.49,48.15,33
Games 4Experience,3,8.32,48.04,87
JDM4iK,3,0.49,47.73,1815
DYSTANT Games,3,5.99,47.62,11
Signal Space Lab,3,8.16,47.22,23
Omega Games,3,1.33,47.2,70
sheen.games,3,0.99,47.13,56
T3Entertainment,3,5.59,47.11,2336
ATC Games,3,0.33,47.02,229
Blackturn Ltd,3,4.99,46.82,125
Trident Game Studio,3,0.49,46.7,343
Blue Sky Games,3,7.66,46.67,17
YFYX GAMES,3,0.69,46.65,1095
SteveClay,3,4.32,46.3,32
Shashitha Kularatna,3,0.99,46.27,29
Demolish Games S.A.,3,0.66,46.15,182
Blacksmith Studios,3,6.66,46.03,14
Ashina Studios,3,2.33,46.0,26
Questtracers,3,9.66,45.92,80
Hype ProductionZ,3,1.32,45.9,169
Deertwig Studio,3,2.33,45.84,33
Keka,3,2.74,45.84,11
VoidStudio,3,6.32,45.84,14
Dreamlight Games Studios SL,3,8.79,45.83,169
Green-eyed Taxi,3,0.82,45.45,654
Kane Entertainment,3,1.33,45.45,11
Thrift Thrift,3,0.69,45.35,75
Janky Games,3,4.32,45.28,50
乐客游戏,3,3.66,45.24,80
Mol Cruir Games,3,0.82,45.23,13
Pagie Portal,3,5.66,45.23,10
Yuri Eletskikh,3,4.66,45.14,40
Black Side,3,3.99,45.05,113
Adjective Animal,3,2.59,45.0,11
星环游戏,3,1.16,44.65,528
Gloac Games,3,11.32,44.61,55
idris Celik,3,2.99,44.56,70
Evvacon,3,4.76,44.45,7
Beep2Bleep,3,1.36,44.44,11
liugao,3,1.66,44.44,21
Duck,3,2.04,44.3,149
Li Changchun,3,3.32,44.26,67
Levienze Games,3,0.86,44.16,32
Homegrown Games,3,3.99,44.12,884
Mario Jacob,3,5.77,43.94,14
Crabby Team,3,1.66,43.89,70
Flying Whale,3,0.66,43.84,399
Alakhaine Specialist Consulting Limited,3,2.66,43.78,43
MicroDeal Ltd.,3,3.99,43.75,12
VR Studio,3,14.99,43.65,148
Binge Gaming OU,3,20.99,43.64,712
HMM,3,15.32,43.45,24
Tbjbu2 Originals,3,1.16,43.23,112
KODgames,3,11.66,43.15,344
Lsgamedev,3,1.79,42.98,97
Let's go to the Grindhouse,3,0.62,42.88,57
Asset Flip Studio,3,0.99,42.72,337
StalkerAlex,3,0.99,42.62,1206
Mousechief,3,7.66,42.47,989
VRROOM,3,10.32,42.43,46
D.W.S.,3,0.33,42.42,194
WorldWideSoftware,3,6.66,42.38,35
ED,3,3.66,42.26,36
Mayhem Games USA,3,4.66,42.24,41
Cap Smoker,3,0.49,42.13,26
Dwarven potion brew,3,0.59,42.04,404
Meepower,3,0.66,42.02,141
BUG DUCK GAMES,3,1.51,41.94,119
Entries games,3,5.99,41.92,30
Microlith Games,3,1.99,41.84,217
MaraStudio,3,7.32,41.67,12
Shmurdik,3,0.82,41.67,9
Triple E Games,3,9.46,41.67,15
2SD,3,2.33,41.66,373
Etienne Andlau,3,1.99,41.66,8
Visual Engineering,3,11.66,41.66,30
ismail özel,3,2.23,41.66,7
x-climb,3,8.33,41.52,18
That Guy's Games,3,2.26,41.21,183
Yaremchuk,3,7.33,41.17,18
Lucky Frame,3,2.49,41.11,642
SirGoose,3,0.99,41.1,471
Lev Gogol,3,0.99,41.04,209
Whoisthis,3,0.59,40.77,164
Delusional Games,3,0.99,40.63,900
Oedipe Games,3,3.16,40.6,20
ARLOOPA Inc.,3,2.99,40.42,22
AntonyStiv,3,7.99,40.32,32
Ben Aprigliano,3,0.99,40.11,190
randomspin,3,0.71,40.03,51
Blanket Fort Games,3,10.99,40.0,5
Construct Games,3,2.52,40.0,5
ShadowInk Designs,3,4.99,40.0,13
Welding Byte,3,2.49,40.0,5
SoerGame,3,1.06,39.8,86
Polynetix Studio,3,8.66,39.62,78
V. Chuvilin,3,3.32,39.22,37
FG,3,2.62,39.21,100
MYJIKA INC.,3,6.12,38.89,8
CoughCat,3,5.99,38.63,25
True Seria,3,8.32,38.5,89
CREATIVE VR3D,3,0.86,38.46,26
crowgames,3,1.31,38.11,64
Rootify,3,1.99,37.97,208
BratAndronik,3,1.32,37.78,29
Vyacheslav Shilikhin,3,0.63,37.64,367
PIS Games,3,1.57,37.5,8
WOWWOW,3,8.32,37.37,15
del7in,3,1.99,37.3,25
Comar Studios,3,0.49,37.18,18
OxDev,3,10.32,36.67,27
5 Games,3,4.66,36.66,8
BeshevGames,3,1.66,36.55,69
TAS Systems,3,9.99,36.21,57
Albatross Idea,3,0.72,36.11,11
BRUNOARTS Entertainment,3,8.32,36.11,11
Buce Studios LLC,3,7.99,36.11,9
Ruben Alcañiz,3,1.46,36.1,108
IguanaBee,3,4.41,35.47,1768
MC GAME,3,2.49,35.13,32
Acuze Interactives,3,2.66,35.07,618
Fang Of Moon,3,5.99,35.0,12
Narfox LLC,3,5.32,34.92,35
Funnypack,3,13.32,34.26,38
CM,3,0.45,34.21,20
HUMEY Studios,3,3.72,34.2,21
HotFoodGames,3,0.49,33.93,31
Exscape,3,2.66,33.8,54
Shenzhen Simeng Technology Co.,3,2.66,33.73,35
Baller Industries,3,4.32,33.72,100
Obi-Wanya,3,3.32,33.66,41
Best Ride Simulators,3,15.32,33.55,57
Sakura River Interactive,3,8.79,33.35,214
Calmed by the Dark Games,3,0.74,33.34,4
KarashiRenkon Hobbies,3,3.33,33.34,15
川流游戏,3,0.99,33.34,4
AA2G1,3,9.66,33.33,3
Blue Phoenix Games,3,0.91,33.33,11
Cameron James Low,3,1.99,33.33,3
Charming Game Studio,3,5.27,33.33,6
Imoyokan,3,1.46,33.33,3
Octopus 8 Studios,3,0.99,33.33,5
Uğur ÇELİK,3,2.59,33.33,14
VTree LLC,3,2.66,33.33,6
Zenith Games,3,0.95,33.33,8
herbeni,3,0.36,33.33,6
yugamesplay,3,33.99,33.33,3
UA Games,3,0.63,33.28,58
EcoShooter,3,1.14,32.79,88
Colossus Interactive,3,9.99,32.54,36
BajoGames,3,2.66,32.46,34
Ilias Giouroukis,3,4.32,31.82,12
Daniel Gill,3,3.59,31.81,69
Mavi Game Studios,3,1.73,31.66,13
Nifty Productions,3,9.99,31.25,9
SeluGames,3,5.0,30.8,49
BeconGamesCorp,3,1.31,30.14,46
wHDinc.,3,1.66,29.9,33
Glitch Studio,3,13.66,29.63,21
Tall James Games,3,0.66,29.29,167
Azzunyan,3,3.66,29.17,21
FSKY Studios,3,0.79,28.57,15
The Tambourine,3,5.99,28.48,220
BisquitPlay,3,2.06,28.17,316
Trinity Project,3,0.56,27.78,26
REKWARE,3,3.33,27.27,23
Master Studios,3,1.99,27.08,29
Justin Jimmo,3,3.99,26.67,16
Tinycorp,3,2.33,26.67,41
Kistler Studios,3,1.98,25.55,14
Demir Leylek,3,5.32,25.0,23
Dennis Sven Mittmann,3,11.66,25.0,5
Dream Games,3,8.26,25.0,8
NYX Digital,3,4.16,25.0,8
Red Diamond Games,3,0.49,25.0,11
The Feature Creep,3,5.59,25.0,3
Unboxed Games LLC,3,8.66,25.0,9
Cow Game,3,0.86,24.6,24
Narrow Monolith,3,0.99,24.57,173
Komar Games,3,1.72,23.46,59
Apillo,3,2.07,22.4,189
U.D. Games,3,13.32,21.43,8
Unicorn Den,3,8.32,21.43,8
Cypress Inheritance,3,22.99,20.54,31
Özgün Bursalıoğlu,3,1.99,19.95,51
Mocove Studio,3,3.66,19.05,9
MellowStudios,3,1.14,18.1,41
MegaSoft Games,3,0.99,16.67,21
hellydev,3,0.87,16.67,21
40 Pound Tiger Studios,3,4.67,16.66,4
Frozen Dungeon,3,1.99,16.66,4
Hashdev,3,2.99,16.66,5
J.Xargon,3,2.49,16.66,4
SensualHarvest,3,2.52,16.66,4
Space Alpha,3,8.99,16.66,7
celikgames,3,2.59,15.28,18
NIPSAPP GAMING SOFTWARE PVT LTD,3,0.99,15.0,12
Lotus GamesTr,3,0.69,14.81,13
Limitcore.studio,3,19.99,13.85,31
DMD 'Ware,3,20.66,13.33,11
Jose Lousa,3,0.49,13.33,15
Juicy Lab,3,7.99,12.5,14
ZarioSide,3,4.66,12.5,13
PolincGames,3,3.66,11.11,10
BlueSky,3,4.32,9.52,9
CentVire,3,9.99,9.26,28
Fika Game Studio,3,3.99,5.55,13
Afloofdev,3,1.33,0.0,2
Agostta Games,3,0.99,0.0,6
AquaRegia31.App,3,1.29,0.0,1
Binary Station Studio,3,3.72,0.0,1
Clovek Games,3,3.09,0.0,1
DTDA Games,3,1.49,0.0,2
Dan Epic studios,3,0.99,0.0,1
Dead Crow,3,3.76,0.0,10
Erich Meurer,3,0.89,0.0,1
Fortgs,3,1.99,0.0,1
GulfPearl,3,3.49,0.0,1
Huang Pinghui,3,72.99,0.0,1
InfiniteSpring Studio,3,54.99,0.0,2
King of the Times,3,8.66,0.0,2
Kyle Kerlikowske,3,1.66,0.0,1
Messier Games,3,2.22,0.0,1
Moonlight Productions,3,5.66,0.0,2
NarrativeArea,3,4.66,0.0,2
Neosphera,3,54.99,0.0,1
Raxverse,3,2.99,0.0,3
RikkiGames Limited,3,1.66,0.0,1
Rocket Tech,3,2.19,0.0,1
Vincent Foster,3,3.66,0.0,2
Warshark Games,3,1.64,0.0,1
Westerngamer,3,2.79,0.0,1
Wildcard Entertainment,3,5.41,0.0,3
XingChunFang,3,3.66,0.0,1
Yahaha Studios,3,0.6,0.0,4
Yogurt Studio,3,4.52,0.0,1
100 Boobs,3,0.33,,0
2QFARM,3,3.32,,0
2nek,3,2.66,,0
30 Minute Games,3,4.77,,0
3T Games,3,2.32,,0
4A50 Studios,3,0.0,,0
4noki,3,0.0,,0
AGS GAMES,3,0.92,,0
AIROTS,3,6.02,,0
ANIQ,3,0.26,,0
Ahegao Games,3,0.49,,0
Aleph One Developers,3,0.0,,0
Anaximanes Entertainment,3,19.99,,0
AniCore Team,3,2.67,,0
Anta,3,1.4,,0
AsianGFModels.com,3,2.97,,0
B Rees,3,6.26,,0
BITMEUP,3,0.0,,0
BYU Animation,3,0.0,,0
Backhole,3,3.86,,0
Banana Hub,3,3.06,,0
Barance Studio,3,8.92,,0
Battlefront.com,3,4.79,,0
Beaveroid Entertainment,3,1.66,,0
Bell Studio,3,4.19,,0
Big Boobs Studio,3,2.99,,0
Big Chungus Productions,3,5.82,,0
Black Cat Entertainment,3,7.86,,0
Black Cat Leo,3,2.46,,0
Blue Fairy Media LLC,3,5.0,,0
Boru,3,5.59,,0
Brahmana Perfect,3,0.0,,0
BuderWorks,3,0.99,,0
CHOCOLAT,3,1.99,,0
CWDI GAMES,3,2.33,,0
Cat Paw Game,3,4.72,,0
Caulino,3,3.83,,0
Cellec Games,3,0.0,,0
Cheesecake Studios,3,1.33,,0
Chinesegamer,3,0.0,,0
Classy Lemon,3,4.39,,0
Clockwork Game Studio,3,2.69,,0
CoupleGames,3,1.22,,0
DRSS,3,0.0,,0
Daemin N,3,6.24,,0
Dark Snow Games,3,1.99,,0
DarkRook Interactive,3,3.66,,0
Dasaku Laboratory,3,12.32,,0
Datawheel,3,0.0,,0
Deep Games,3,0.99,,0
Dot blood,3,1.73,,0
Edia Co.,3,16.66,,0
Evan Palmer,3,1.0,,0
FT Girl Studio,3,7.32,,0
FURRAI_XXX,3,2.63,,0
Felipe Fleming,3,0.0,,0
Fire Toast,3,4.49,,0
Flag shadow,3,12.29,,0
Flexible Media,3,14.16,,0
Freeze Tag Inc.,3,19.99,,0
GFT Label Entertainment,3,8.66,,0
GODNASK,3,2.46,,0
GameChangeKiller,3,5.83,,0
Gayeti,3,16.24,,0
Genesis Arthangel,3,9.14,,0
Girl's Software,3,8.49,,0
Go2Game.com,3,0.0,,0
Goodberry Games,3,3.33,,0
Grande Spallone Games,3,0.0,,0
Grant G Heffner,3,4.99,,0
Great Lakes Reality Labs,3,0.0,,0
HEIWA ENTERTAINMENT,3,0.0,,0
HH Richards,3,3.73,,0
HappyDaedalus,3,6.92,,0
Heartstrings Interactive,3,3.16,,0
Heedless,3,11.02,,0
Hide Games,3,7.69,,0
Hushberry Games LLC,3,4.16,,0
Hyanmaru Games,3,5.57,,0
ICT@SU,3,0.0,,0
ITK,3,11.99,,0
Illegal Turtle 🐢,3,0.8,,0
IndieCain,3,1.26,,0
JJZ,3,1.46,,0
Jacob Gislason,3,0.16,,0
Jaime Barriga,3,10.0,,0
Jill Gates,3,4.46,,0
KENZsoft,3,9.22,,0
Kawaii,3,0.0,,0
Kazuya,3,9.46,,0
KeithFrost,3,2.74,,0
Keys to My Lockheart,3,3.33,,0
Kinetic Novels,3,0.89,,0
Kodai Magic,3,2.99,,0
Koray Birand,3,0.0,,0
L7team,3,9.91,,0
Lactecomp,3,0.66,,0
Ladell Parks,3,12.66,,0
Late Night Studios,3,5.63,,0
LeiZna,3,3.72,,0
Lemonhaze Studio,3,11.32,,0
Lilith Guild,3,0.0,,0
Lim Games Studio,3,8.66,,0
Lone Hussar Studios,3,1.82,,0
LuQui,3,2.39,,0
Lunar Code Studio,3,0.99,,0
Luxe Haven Games,3,2.66,,0
M4DOOM,3,2.99,,0
MANGO ANIME,3,0.68,,0
MD,3,0.7,,0
MIGI STUDIO,3,22.39,,0
Mad Mag Store,3,4.99,,0
Malerouille,3,4.05,,0
Meerkatt Studio,3,5.59,,0
Meiri Games,3,1.16,,0
Mikan Batake,3,11.29,,0
Milkfactory,3,33.99,,0
Minami chan,3,6.66,,0
MistGame,3,1.29,,0
Mizuki Kabiwani,3,3.07,,0
Moccasin's Mirror,3,5.49,,0
Moobly,3,1.19,,0
Myre36,3,0.0,,0
NCSOFT,3,0.0,,0
NLT Media,3,6.66,,0
Nadia Nova,3,3.2,,0
Natasha Delor,3,4.99,,0
Nate Ennay,3,3.33,,0
Nicole Dusterly,3,2.69,,0
Noraheart,3,4.31,,0
NovaXProject,3,4.82,,0
Novel,3,0.84,,0
Nuts Pecker,3,3.99,,0
Nyamoli@,3,3.0,,0
Nymphs,3,7.82,,0
ONOE-NETWORK,3,6.32,,0
OPT Studio,3,9.59,,0
Odd Team XR Studios,3,8.32,,0
OneHand Games,3,4.66,,0
OneManVN,3,1.66,,0
Otterside Games,3,7.06,,0
PTGames,3,8.02,,0
PUSH! Soft,3,2.62,,0
PantyParrot,3,9.17,,0
Paradox White Cat,3,0.82,,0
Peach Punch,3,5.06,,0
Pinky Pads,3,5.82,,0
PlayBear,3,0.33,,0
Pochemu LTD,3,0.0,,0
Predict,3,2.89,,0
Press For Coffee,3,0.2,,0
PsychoGameFan,3,6.32,,0
Qi Wang,3,3.06,,0
Quarzo Aplicaciones y Juegos SL,3,0.99,,0
Quiet Coven Games,3,4.06,,0
R's,3,10.06,,0
RFH Games,3,0.84,,0
Reed,3,9.99,,0
S19Games,3,4.99,,0
SKSK団,3,20.83,,0
ST Hot Dog King,3,4.72,,0
Sai Game,3,2.33,,0
Save Giant Girl,3,199.99,,0
Seedborne,3,5.82,,0
Sharktales.,3,5.32,,0
Shiftall Inc.,3,0.0,,0
SoerGameStudio,3,1.42,,0
Sorairo,3,0.0,,0
Sporobole,3,10.66,,0
Strange Girl Studios,3,5.86,,0
Strawberry Playhouse,3,2.92,,0
Studio Ginkgo,3,1.99,,0
Stybite,3,3.99,,0
Succubus Factory,3,3.66,,0
Sympl Games,3,0.0,,0
THM Studios,3,5.82,,0
Tabbu Entertainment Games,3,0.59,,0
Team Summoner,3,5.09,,0
Team Tailnut,3,4.36,,0
Tender Troupe,3,0.0,,0
Tianlin Zhang,3,6.66,,0
Torvelt,3,1.66,,0
Uberbax-Gaming,3,2.26,,0
VISON STUDIOS,3,6.29,,0
VR Game Studios,3,6.29,,0
VR HENTAI HOT,3,6.29,,0
VRA-Games,3,8.99,,0
Vegetablebread Games,3,5.66,,0
VisualNovelGames,3,2.32,,0
Vittorio Giorgi (SbargiSoft),3,2.96,,0
Waifu Games,3,1.32,,0
Waterfall Studio,3,0.5,,0
Wending Studio,3,1.29,,0
WitchGames,3,1.66,,0
WolfBite Interactive LLC,3,5.66,,0
Wuhan Yiding Eben Technology Studio,3,1.21,,0
XCentric,3,4.84,,0
XDesktop,3,0.77,,0
YD Games,3,0.0,,0
Yeehaw Games,3,14.32,,0
Yoiko Books,3,12.67,,0
Yosul Studio,3,0.0,,0
Zelltin,3,1.86,,0
Zenox,3,3.32,,0
Zodiacus Games,3,0.99,,0
akhsotoen,3,1.49,,0
cem99,3,0.0,,0
crobatspr,3,0.23,,0
jackSTAR,3,4.66,,0
oneLegNinja,3,6.66,,0
rosesrot,3,3.33,,0
tremmiGames,3,5.91,,0
turusaki,3,6.32,,0
uwu lab,3,0.49,,0
アトリエすえ,3,7.89,,0
エムテラス,3,0.0,,0
サイレント4,3,3.99,,0
シコルスキー大佐,3,7.11,,0
傾世遊庵,3,3.99,,0
四畳半ファクトリー,3,3.99,,0
夢幻泡影リョウショウカカン,3,6.66,,0
宅Max,3,0.0,,0
海貓,3,1.82,,0
魔界あ号営業所,3,5.35,,0
빌리 헤링턴,3,0.51,,0
